ID,gender,age,education,cov_cons,pseudo_info,trust_gov,compliance,,,,Values,
1,F,59,2,2.222222222,3.5,3.8,4,,ID,Respondent identification number,,
2,F,32,3,2.555555556,3.75,3.6,3,,gender,Respondent's gender,M,Male
3,M,33,3,3.666666667,4.75,1.4,2.125,,,,F,Female
4,F,44,6,1.222222222,1,2.4,4,,,,NA,Preffered not to answer
5,F,32,4,1.777777778,1.25,5,3.25,,age,Respondent's age,,
6,F,30,3,2.555555556,2.75,3.4,2.5,,education,,1,Primary school
7,F,30,4,1.111111111,1,4.6,4,,,,2,High school
8,F,37,6,4.555555556,2.75,3,4,,,,3,BA degree
9,F,32,4,1.222222222,1.75,3.2,4,,,,4,MA degree
10,F,39,4,1.333333333,3.75,3.6,3.25,,,,5,Specialist degree
11,F,26,4,1,1,3,2.375,,,,6,PhD
12,F,22,3,2.333333333,3.5,4.2,3.375,,cov_cons,COVID-19 conspiracy belief scale,,
13,F,24,3,1.777777778,1.75,4.6,3.25,,pseudo_info,Pseudoscientific information beliefs,,
14,F,33,4,4.111111111,3,2.8,3.125,,trust_gov,Trust in governemt officils,,
15,F,18,2,3.111111111,1,4,3.5,,compliance,Compliance with official COVID-19 guidelines,,
16,M,33,5,2.111111111,2,2.2,3.875,,,,,
17,M,23,2,3.555555556,2.25,1.6,1.875,,,,,
18,F,52,2,3.666666667,1,5,3.75,,,,,
19,F,21,2,1.111111111,1,3,3.25,,,,,
20,M,25,4,1.222222222,1.5,4,3.375,,,,,
21,F,19,3,3,2.5,3.2,1.75,,,,,
22,M,42,4,1.333333333,3.25,3.8,3.125,,,,,
23,M,43,3,2.888888889,1.75,1.8,1.25,,,,,
24,F,20,2,3.333333333,1.5,4.2,3,,,,,
25,M,25,2,1.111111111,1.25,4.8,3.375,,,,,
26,F,35,4,2.222222222,2.75,3.8,3.25,,,,,
27,F,25,3,1,1,4,3.75,,,,,
28,F,21,2,1.888888889,2,4.2,3.875,,,,,
29,F,21,3,1.888888889,1.5,3.6,3.875,,,,,
30,F,23,3,3.666666667,1,1,3.375,,,,,
31,F,43,4,1.555555556,3.25,3.6,4,,,,,
32,M,22,3,1.888888889,3,3.4,3.5,,,,,
33,F,23,3,3.222222222,2,1.6,2.25,,,,,
34,F,30,3,3.333333333,3.75,4.2,4,,,,,
35,F,21,1,1.888888889,2.5,3.4,2.75,,,,,
36,F,30,4,2.555555556,3.75,3.6,4,,,,,
37,F,27,3,1.222222222,1.5,2.8,3.25,,,,,
38,M,53,4,4.333333333,4,1.2,1.625,,,,,
39,F,21,3,2.666666667,1.5,4.2,3.5,,,,,
40,F,25,4,1.111111111,2,4,4,,,,,
41,F,22,3,4.444444444,2.75,2.8,3.375,,,,,
42,F,24,4,3.666666667,3.75,3,2.5,,,,,
43,F,49,2,4.555555556,3.5,1.8,2.5,,,,,
44,M,20,2,3.333333333,1,1,2.125,,,,,
45,F,21,2,2.222222222,1,4.4,3.875,,,,,
46,F,19,2,1,1,4.6,4,,,,,
47,F,18,2,1.888888889,3.5,3,2.375,,,,,
48,F,23,3,1.333333333,1.25,4.2,3.75,,,,,
49,F,20,2,2.777777778,2,2.4,2.25,,,,,
50,F,34,4,2.222222222,1.5,3,3.75,,,,,
51,F,22,3,3.222222222,2.5,3.8,3.375,,,,,
52,F,24,3,3.333333333,1,1.2,2.125,,,,,
53,F,18,2,2,1,4,3.875,,,,,
54,F,35,2,3.444444444,1.75,4.2,3.875,,,,,
55,M,36,4,1.555555556,1,4,4,,,,,
56,F,22,3,4.111111111,2.75,3.6,1.625,,,,,
57,F,21,2,1.888888889,1,3.6,3.375,,,,,
58,F,20,2,2.444444444,3.25,3.2,2.125,,,,,
59,M,29,4,1.444444444,1,3,2.875,,,,,
60,F,21,2,3,2.75,3.4,3.25,,,,,
61,F,21,2,3.222222222,2.5,4.2,2.5,,,,,
62,F,20,2,2.888888889,2.5,4,3.75,,,,,
63,F,27,3,1.888888889,3.25,3.6,3.125,,,,,
64,M,21,2,3.777777778,3.5,3,1.75,,,,,
65,F,22,3,3.666666667,1.75,4.2,3.625,,,,,
66,F,20,3,3,2,2.4,2.25,,,,,
67,F,26,4,4.111111111,1,2.6,3,,,,,
68,F,32,4,2.444444444,3,2.8,3,,,,,
69,F,33,4,1.666666667,3.5,2.4,3.25,,,,,
70,F,40,5,1.111111111,1,3.6,4,,,,,
71,F,24,3,1.333333333,1,3.6,3,,,,,
72,M,53,4,1.111111111,1,3.6,4,,,,,
73,F,30,4,1.666666667,1,3.2,3.625,,,,,
74,F,23,3,4.111111111,4,1.8,3.5,,,,,
75,M,34,5,1.444444444,3.25,2.2,4,,,,,
76,F,35,6,1.777777778,2.25,3,4,,,,,
77,F,39,4,1.222222222,1,3.8,4,,,,,
78,F,22,2,2,3,3.4,3.625,,,,,
79,M,33,4,1.333333333,1,3.2,3.5,,,,,
80,M,36,4,2.111111111,2.5,2,2.75,,,,,
81,M,40,5,3,3,1,1.625,,,,,
82,F,22,2,4.333333333,3.5,3.2,4,,,,,
83,F,30,4,1,1,4.2,3.5,,,,,
84,F,43,2,1.777777778,1,1.8,3.5,,,,,
85,F,30,5,4,5,1.8,1,,,,,
86,F,28,4,1.555555556,1.5,4.2,4,,,,,
87,F,67,2,1.333333333,1,4.2,3.375,,,,,
88,F,41,6,1.444444444,1,2.8,3.25,,,,,
89,M,31,4,1.222222222,1,1.4,1.625,,,,,
90,F,29,5,1.444444444,1,3,3.25,,,,,
91,F,39,4,2.222222222,3.25,3.4,3.875,,,,,
92,F,39,6,1,1,3.4,4,,,,,
93,M,41,2,1.777777778,1,4.8,3.625,,,,,
94,F,22,2,3.555555556,3.75,4.2,3.5,,,,,
95,M,39,5,1.777777778,2,2.4,3.5,,,,,
96,M,34,4,1.555555556,3,3.8,3.375,,,,,
97,F,31,4,1.555555556,1.5,3.8,3.375,,,,,
98,F,49,3,1,1,2.8,3.625,,,,,
99,F,23,2,3.222222222,3.75,2.2,2.75,,,,,
100,F,22,2,1.777777778,1,5,3.875,,,,,
101,M,41,2,1.222222222,1.25,3.2,3.375,,,,,
102,F,22,3,2.777777778,3.5,4.4,4,,,,,
103,M,32,6,1,1,1.4,3.75,,,,,
104,F,33,4,1.111111111,1.25,4,3.75,,,,,
105,F,38,4,1.555555556,3.5,3.8,4,,,,,
106,M,48,2,2.444444444,1,2.8,2.625,,,,,
107,F,27,4,1.555555556,2,4.6,3.125,,,,,
108,M,54,4,1.111111111,1.5,3.8,3.75,,,,,
109,F,36,5,1.666666667,1.75,3.8,3.125,,,,,
110,M,32,4,1.444444444,1,3.8,2.75,,,,,
111,F,24,2,2.222222222,2.5,2.6,2.75,,,,,
112,F,40,5,2.333333333,4,2.4,3.125,,,,,
113,F,42,5,4.777777778,4.5,1,3.125,,,,,
114,F,38,3,2.111111111,1,1.8,3.625,,,,,
115,F,30,2,4.666666667,2.25,2,3.25,,,,,
116,M,36,4,1.111111111,2.25,3.6,3.625,,,,,
117,F,22,4,1.777777778,1,2.8,4,,,,,
118,F,26,4,1.444444444,2.5,4,3.5,,,,,
119,F,40,5,1.333333333,1,4.2,3.75,,,,,
120,F,47,4,1.666666667,1,3.4,4,,,,,
121,M,21,4,1.333333333,1,3.4,3.125,,,,,
122,F,40,4,1,1,4.8,4,,,,,
123,M,51,3,1.111111111,3,3.4,3.25,,,,,
124,F,23,2,3.222222222,1,4.4,3.25,,,,,
125,F,63,4,1.111111111,1,3.6,4,,,,,
126,M,30,4,1.555555556,1,2.8,3.875,,,,,
127,F,43,4,2.555555556,2.5,3.6,3.875,,,,,
128,M,45,6,1.888888889,3.5,3.8,3.5,,,,,
129,F,31,3,3.333333333,1,1,2.25,,,,,
130,F,21,2,1.111111111,2.5,4.8,3.5,,,,,
131,F,51,4,1.444444444,1.75,4.8,4,,,,,
132,M,33,4,1.666666667,2.25,3.4,3.125,,,,,
133,F,41,2,4.111111111,3.5,2.2,3.25,,,,,
134,M,25,3,1,1,3,2.875,,,,,
135,F,36,5,1.222222222,1,4.6,4,,,,,
136,F,31,4,2.555555556,1.5,3,2.5,,,,,
137,M,17,2,2.333333333,1.75,4.6,3.25,,,,,
138,M,37,4,2,1.5,2.2,2.625,,,,,
139,M,36,5,1.777777778,1,2,2.625,,,,,
140,M,46,2,1,1,1.4,4,,,,,
141,F,21,3,3.222222222,3.75,4.4,3.5,,,,,
142,M,45,6,1,1,3.6,3.5,,,,,
143,M,39,6,1,1,4.6,3.875,,,,,
144,M,42,4,1.555555556,2,3.8,3.375,,,,,
145,F,58,6,1,1,3.2,3.875,,,,,
146,F,25,4,1.333333333,1.75,5,4,,,,,
147,F,34,4,1,1,4.6,3.875,,,,,
148,F,22,3,1,1.25,4.8,3.625,,,,,
149,M,39,4,1.222222222,1.75,3.8,3.5,,,,,
150,M,33,4,1.888888889,1.75,4,3.125,,,,,
151,F,32,4,2.111111111,3.75,3.4,3.625,,,,,
152,F,20,2,2.888888889,2,3.6,3.875,,,,,
153,F,22,2,3,1,2.8,4,,,,,
154,F,33,4,3.666666667,2.75,3,3,,,,,
155,F,25,4,3.333333333,3,3.2,4,,,,,
156,F,21,3,1.888888889,1.25,3.8,3.625,,,,,
157,M,45,6,1.555555556,2.5,3.4,3.25,,,,,
158,F,35,4,1.777777778,1.75,3.2,3.25,,,,,
159,M,36,6,1.111111111,1,4,3.875,,,,,
160,F,50,2,1.222222222,3.5,3.4,3.5,,,,,
161,F,42,6,1.222222222,1,3.8,3.625,,,,,
162,M,35,4,1.666666667,1,3.8,3.625,,,,,
163,F,34,4,1.777777778,1,3.4,3,,,,,
164,M,42,2,2.333333333,3.25,3,3.625,,,,,
165,M,35,2,1.111111111,1.25,2.2,3.875,,,,,
166,F,30,4,3,2,2.4,3.75,,,,,
167,F,37,4,2,3,3.6,4,,,,,
168,F,47,6,1,1,2.8,3.75,,,,,
169,NA,59,6,2.444444444,1,1.8,1.5,,,,,
170,M,24,3,3.111111111,1,2.8,1.625,,,,,
171,F,35,4,1.666666667,1,2.2,2.25,,,,,
172,F,21,2,1,2.5,1.6,3,,,,,
173,F,21,2,3.666666667,3,3.6,1.875,,,,,
174,F,37,2,1.111111111,1,4,3.875,,,,,
175,F,40,4,1.222222222,1.75,3.6,3.375,,,,,
176,F,35,5,1.222222222,1,4,3.875,,,,,
177,M,45,4,1.111111111,1,4.6,3.875,,,,,
178,F,34,6,1.222222222,1.25,4.2,4,,,,,
179,M,25,3,1.111111111,1,2.6,1.75,,,,,
180,M,60,4,1.444444444,1,4.4,4,,,,,
181,M,21,2,1.333333333,1.25,2.4,1.5,,,,,
182,F,39,5,1.666666667,1.25,3.2,3.375,,,,,
183,F,56,2,2.555555556,3.5,2.8,3.75,,,,,
184,F,25,3,1.111111111,1.25,4.8,4,,,,,
185,F,43,4,1.555555556,2,3.6,4,,,,,
186,F,47,6,1.111111111,1,3.8,4,,,,,
187,F,24,3,1.555555556,2.5,1.2,3.25,,,,,
188,M,35,4,4,1.5,1,1,,,,,
189,F,49,6,1,1,4.4,4,,,,,
190,F,22,3,2.111111111,1,3.8,3.625,,,,,
191,M,22,2,1,1.25,4,3.375,,,,,
192,F,33,4,2.111111111,2.5,3.8,3.5,,,,,
193,F,21,2,1.555555556,1,3,3.125,,,,,
194,M,36,3,1.333333333,1,1.8,4,,,,,
195,F,32,4,2,1.25,3.4,3.75,,,,,
196,F,46,2,1.222222222,1,2,2.125,,,,,
197,M,21,2,3.333333333,3.75,2.2,1.875,,,,,
198,M,21,2,2.555555556,3,4.6,3.25,,,,,
199,M,29,2,1.555555556,3,3.8,3.875,,,,,
200,F,22,3,2,1,4.8,3.875,,,,,
201,F,38,4,3.777777778,3.5,2.8,3.125,,,,,
202,F,60,5,1.333333333,2,3.2,3.5,,,,,
203,F,52,2,1.888888889,1.25,4,2.625,,,,,
204,M,44,4,1.333333333,1,2.6,4,,,,,
205,F,23,2,2.666666667,1.5,3,4,,,,,
206,F,39,4,1,1,3.4,4,,,,,
207,M,33,5,1.777777778,1,3.4,3.125,,,,,
208,M,37,5,1.222222222,1,3,3.5,,,,,
209,F,24,3,2,2.25,3.2,2.875,,,,,
210,F,40,4,1,1,4.4,4,,,,,
211,F,22,3,2.111111111,1,5,4,,,,,
212,F,30,4,2.111111111,2,4.2,4,,,,,
213,F,45,3,1.777777778,2.25,2.8,3.875,,,,,
214,F,40,4,2,2.5,3.8,3.625,,,,,
215,F,20,2,1.222222222,1.5,3.2,2.75,,,,,
216,F,51,4,1.333333333,1,4.2,3.5,,,,,
217,M,32,4,1,2.5,3.2,3.875,,,,,
218,M,38,6,1.333333333,1.5,2.6,2.125,,,,,
219,F,27,4,2.111111111,3.5,4,3.5,,,,,
220,F,44,4,1.444444444,1,3.4,4,,,,,
221,M,54,4,1.888888889,2.5,5,3.875,,,,,
222,F,41,4,1.777777778,3.5,2.6,4,,,,,
223,M,62,4,1.111111111,1.25,3,3,,,,,
224,F,39,5,1,1,4.2,3.875,,,,,
225,F,34,2,1.888888889,3.75,4.4,3.625,,,,,
226,M,49,5,1.111111111,2.5,1.2,3.625,,,,,
227,F,26,4,2.555555556,1,2,2.625,,,,,
228,F,64,4,1,1.25,4.8,4,,,,,
229,M,22,2,3,2.75,1.4,1.25,,,,,
230,F,48,6,1,1,2.8,3.75,,,,,
231,F,47,6,1.666666667,2,4.8,3,,,,,
232,F,47,6,2.666666667,3,2.4,3.375,,,,,
233,M,41,4,1.111111111,1.25,4.4,3.875,,,,,
234,M,51,4,1,1.75,4,3.875,,,,,
235,F,39,2,1.222222222,2,3.6,3.75,,,,,
236,F,50,5,1,1,5,3.75,,,,,
237,F,40,4,3.222222222,5,4.8,4,,,,,
238,F,37,2,1.222222222,2.5,4.8,4,,,,,
239,F,39,4,1,1,3,4,,,,,
240,F,40,4,1.222222222,1,3,4,,,,,
241,F,35,4,2.666666667,2.75,4,3.5,,,,,
242,M,37,6,2,3,3.4,3.875,,,,,
243,M,37,3,1.666666667,1,2.2,3.25,,,,,
244,M,36,6,1.111111111,1,2.4,3.375,,,,,
245,F,26,3,2.333333333,4,3.6,3.125,,,,,
246,F,24,3,2.333333333,2.5,2.4,3.875,,,,,
247,F,37,4,1.222222222,1.25,3.2,4,,,,,
248,F,48,3,1.222222222,2,4.2,4,,,,,
249,F,41,5,2.333333333,1,3.4,4,,,,,
250,M,50,3,1.333333333,1,2.4,3.875,,,,,
251,F,49,3,2.777777778,1,1.8,4,,,,,
252,F,30,3,2.444444444,1,3.4,4,,,,,
253,M,56,4,1.666666667,4,3.2,3.875,,,,,
254,M,19,2,2.111111111,1,4,1.25,,,,,
255,M,45,4,1.111111111,1,4.6,3.875,,,,,
256,F,23,3,1,1.5,5,3.75,,,,,
257,F,51,6,4.555555556,3.5,2.6,1.75,,,,,
258,F,43,4,1.777777778,2.25,3,2.5,,,,,
259,F,20,3,2.666666667,3.25,4.6,3.5,,,,,
260,F,61,2,2.444444444,2.5,3.8,3.75,,,,,
261,F,34,5,1.888888889,3.5,4.4,4,,,,,
262,F,41,4,1.222222222,1,3.6,3.625,,,,,
263,F,37,3,2.333333333,2.5,3.6,3.625,,,,,
264,F,19,2,1.333333333,1,4.4,3.25,,,,,
265,F,43,4,2.777777778,3.25,3.6,3.5,,,,,
266,F,40,5,1.111111111,1,2.6,3.625,,,,,
267,M,35,2,1.222222222,1,3.6,4,,,,,
268,F,38,4,1.888888889,2.75,2.8,3.125,,,,,
269,F,44,6,1.111111111,1,3.6,3.75,,,,,
270,M,46,3,1.555555556,2.25,3.6,3.875,,,,,
271,M,23,2,3.333333333,2.75,1.8,2.875,,,,,
272,M,35,6,1,1,3.6,3.75,,,,,
273,F,50,6,1.555555556,2.25,3.4,2.625,,,,,
274,F,23,3,2.555555556,1.75,3.4,3.625,,,,,
275,F,22,2,3.111111111,3.5,4,4,,,,,
276,F,32,4,3.888888889,4,2.2,1.625,,,,,
277,M,38,4,3.777777778,4.5,1,1.875,,,,,
278,F,42,2,2,1.5,3.4,3.625,,,,,
279,F,33,4,1,1.5,3.6,3.25,,,,,
280,F,37,2,1,1,2.8,3,,,,,
281,M,38,2,2,1,2.2,4,,,,,
282,M,40,5,1.444444444,1.25,3.2,4,,,,,
283,M,30,2,4,3,2.4,1.25,,,,,
284,F,37,4,1.444444444,1,4,2.375,,,,,
285,F,35,6,2.222222222,2,2,3.5,,,,,
286,F,38,5,2.888888889,1,3.8,3.5,,,,,
287,F,32,4,1.444444444,2.5,5,3.25,,,,,
288,M,41,2,1.222222222,1,2.8,4,,,,,
289,M,38,4,1.111111111,1,3,4,,,,,
290,F,34,4,1.333333333,1,4,3.75,,,,,
291,F,33,3,1,1,4.2,4,,,,,
292,F,55,2,2.222222222,1.75,4.6,4,,,,,
293,F,41,4,1,2,4.6,3.625,,,,,
294,F,31,2,1.222222222,1,4.4,3.75,,,,,
295,M,47,2,1,1.25,5,3.875,,,,,
296,M,33,4,1,1,2.6,4,,,,,
297,F,33,4,1.555555556,1,2.8,3.75,,,,,
298,F,29,3,1,1,4.6,4,,,,,
299,F,35,4,2.111111111,2,3.4,3.75,,,,,
300,F,43,4,1.888888889,3,4,3.875,,,,,
301,F,34,4,2.888888889,4,3.6,3.75,,,,,
302,M,39,3,1.111111111,2,4.4,4,,,,,
303,F,25,4,1.555555556,1.75,3.6,3.25,,,,,
304,F,29,4,1.666666667,2.5,4.2,3.875,,,,,
305,F,36,4,3.333333333,2,2.2,2.375,,,,,
306,F,20,3,2.444444444,3.5,3.8,3.75,,,,,
307,M,40,4,4.111111111,3.5,3,3.375,,,,,
308,M,37,3,1.333333333,1.75,2.6,4,,,,,
309,F,44,2,1.666666667,1,3,2.125,,,,,
310,M,46,4,1.333333333,2.5,3.8,3.375,,,,,
311,F,39,2,1,2,4.2,3.875,,,,,
312,M,55,5,1,1.25,3.4,4,,,,,
313,F,41,4,3.111111111,2.75,3.2,3,,,,,
314,F,35,4,3.777777778,2,1,1.5,,,,,
315,F,44,4,1.111111111,2.5,3.6,4,,,,,
316,F,30,4,1.333333333,2,4,4,,,,,
317,F,37,4,2,1.75,4,3.125,,,,,
318,F,29,4,1,1.75,3.4,4,,,,,
319,F,28,2,1.888888889,2.5,4.6,3.75,,,,,
320,F,40,5,1.888888889,2,4.8,4,,,,,
321,F,28,2,1.333333333,1,4.4,3.75,,,,,
322,F,43,4,1.222222222,2,4.4,3.75,,,,,
323,M,41,2,1.333333333,1,4,2.75,,,,,
324,M,52,3,1,1.5,4.2,4,,,,,
325,F,47,6,1,1,3.4,3,,,,,
326,F,34,4,1.333333333,1,3.8,4,,,,,
327,F,36,5,2.444444444,3.5,3.8,3.625,,,,,
328,M,51,2,2.777777778,2,1.6,1.625,,,,,
329,F,45,2,1,1,2.8,3.625,,,,,
330,F,32,5,1.333333333,1.75,3.2,4,,,,,
331,M,28,5,3.444444444,4,2.2,1.875,,,,,
332,F,29,2,4,3.75,3,3.125,,,,,
333,F,29,2,2.111111111,3,4.4,4,,,,,
334,F,20,2,1.111111111,2.5,4.6,4,,,,,
335,F,40,4,2.666666667,2.25,4,3.5,,,,,
336,F,34,4,4.666666667,4.25,1.8,1.625,,,,,
337,F,45,2,1.333333333,1.5,3.6,3.625,,,,,
338,F,33,3,1.333333333,1.25,4,3.875,,,,,
339,F,20,2,2.111111111,4.5,3,2.375,,,,,
340,F,32,3,2.444444444,3.5,4.8,3.875,,,,,
341,M,47,2,1.222222222,1,2.8,2.75,,,,,
342,F,35,4,1.222222222,2.5,3.8,3.5,,,,,
343,F,32,4,1,1.5,3.4,3.875,,,,,
344,F,34,3,1.111111111,1,3.8,3.5,,,,,
345,F,30,3,2.222222222,1.25,3.6,3.625,,,,,
346,F,38,4,1.555555556,2,3.6,3.875,,,,,
347,F,40,3,1.222222222,1.5,2.2,3.75,,,,,
348,F,36,4,2.222222222,3,2.4,3.625,,,,,
349,F,43,5,1.111111111,1,2.8,3.625,,,,,
350,F,38,4,2,1.75,2.2,3.75,,,,,
351,M,48,5,1,1.5,3.6,4,,,,,
352,F,32,6,1,1,4.2,3.25,,,,,
353,F,42,4,1.222222222,2.5,3.4,3.875,,,,,
354,M,33,4,1.444444444,1,3.8,3.5,,,,,
355,F,41,5,1.333333333,1.25,4.4,3.625,,,,,
356,M,48,4,1.555555556,1.25,3.6,3,,,,,
357,M,20,2,2,3,3,2.375,,,,,
358,F,47,3,1,3,3.4,3.875,,,,,
359,F,25,5,2.666666667,1.75,2.8,3.75,,,,,
360,F,32,2,3.666666667,3.75,2,3,,,,,
361,F,23,3,3.111111111,2.5,3,2.875,,,,,
362,F,23,2,4.444444444,3.5,2,2.375,,,,,
363,F,34,4,1.111111111,1,3.2,3.75,,,,,
364,F,58,3,1.555555556,2,3.2,3.375,,,,,
365,F,34,4,2,3,4.6,3.875,,,,,
366,F,48,2,4,3.5,3.4,3.625,,,,,
367,M,44,2,1,1,2.4,3.75,,,,,
368,F,39,2,1.333333333,1.5,3.8,3.875,,,,,
369,F,22,3,3.222222222,3.25,4.2,3.375,,,,,
370,F,23,4,1.222222222,2.25,3.2,4,,,,,
371,F,43,2,1.333333333,2,3.6,3.75,,,,,
372,F,34,2,2.222222222,1.75,3.4,4,,,,,
373,F,40,4,2,1.5,3.2,3.75,,,,,
374,F,35,4,1,1,4,4,,,,,
375,F,51,2,1.444444444,2,3.6,4,,,,,
376,F,50,4,1.111111111,1,3.4,3.625,,,,,
377,F,44,2,1,1,3.8,3.875,,,,,
378,F,33,6,1,1,3.8,3.875,,,,,
379,F,45,5,1.111111111,1,4.2,2.25,,,,,
380,F,33,4,2,2.5,4,3.125,,,,,
381,F,30,5,2.666666667,1,1,3.125,,,,,
382,M,27,4,1.777777778,1,1,1.875,,,,,
383,F,39,4,1,3.25,4.6,4,,,,,
384,F,23,3,3.222222222,1.5,2.2,3.75,,,,,
385,F,42,6,1.111111111,1,4.4,3.875,,,,,
386,F,24,3,1.222222222,1,4.2,3.625,,,,,
387,F,42,4,2.777777778,4.25,2.4,3.625,,,,,
388,F,36,2,2,1,2.8,3.625,,,,,
389,F,58,2,1,1,3.6,4,,,,,
390,F,31,4,1.555555556,1,3.8,1.875,,,,,
391,F,54,3,1.333333333,1,3.8,3.875,,,,,
392,F,34,2,2.777777778,2,2.8,3.5,,,,,
393,M,32,4,2.888888889,4.25,3.6,2.375,,,,,
394,F,51,4,1.333333333,2.25,4.8,3.25,,,,,
395,F,41,2,1.777777778,4,5,3.25,,,,,
396,M,36,2,1.222222222,1.75,3.4,3.25,,,,,
397,F,36,6,1.222222222,1.75,3.4,4,,,,,
398,F,27,5,1.888888889,3.5,3.2,3.75,,,,,
399,F,23,2,1.666666667,2.25,3.6,2.875,,,,,
400,F,24,4,3,3,3,2.375,,,,,
401,M,24,3,2.222222222,2,3.8,2.5,,,,,
402,M,32,6,1.555555556,1,3,3.375,,,,,
403,F,25,4,1.333333333,1,5,3.875,,,,,
404,F,36,4,2.666666667,3,3.6,3.5,,,,,
405,M,48,5,1,1,3.6,3.5,,,,,
406,F,22,2,1.222222222,1.5,2.6,4,,,,,
407,F,22,2,3.777777778,2.5,1.4,3,,,,,
408,F,24,3,2.333333333,1.5,3.2,3.375,,,,,
409,F,41,4,2.888888889,2.25,4.2,3.5,,,,,
410,F,24,5,1,2.5,4,4,,,,,
411,F,30,3,3.888888889,3,2.8,2,,,,,
412,M,45,3,1.111111111,2.5,3.4,3.5,,,,,
413,F,33,2,1,1,4.6,2.625,,,,,
414,M,41,2,1,1,3.6,3.5,,,,,
415,F,34,2,3.888888889,1,1,3,,,,,
416,M,42,4,1.444444444,1.75,3.8,3,,,,,
417,M,65,4,1,1.75,5,3.75,,,,,
418,F,33,4,1.333333333,1,1,3.375,,,,,
419,M,37,2,1,1,4.6,3.5,,,,,
420,M,29,4,1.111111111,1.25,3.4,3.5,,,,,
421,F,50,2,1.444444444,2.75,3.6,4,,,,,
422,M,36,4,1.666666667,2.25,3.4,4,,,,,
423,F,53,4,1.888888889,1.25,4,3.875,,,,,
424,F,59,4,1.777777778,2,3.4,4,,,,,
425,F,55,3,1.666666667,1,1,3.625,,,,,
426,F,51,4,1.444444444,3.5,3.4,3.125,,,,,
427,F,38,4,2,1.5,4,3.75,,,,,
428,M,46,3,2.111111111,3.25,2.4,1.625,,,,,
429,F,29,2,2.333333333,3,4.2,3.875,,,,,
430,F,36,3,3.111111111,3.75,3.4,2.375,,,,,
431,F,24,2,3.666666667,3.25,3.4,3.375,,,,,
432,F,34,3,3,3,2.6,3.75,,,,,
433,M,37,2,1.444444444,3.75,3.2,3.625,,,,,
434,M,34,4,1.111111111,1,3.4,3.75,,,,,
435,F,58,6,1.111111111,2.25,4,3.625,,,,,
436,F,47,5,1.333333333,1,2.2,2.875,,,,,
437,M,36,5,1.222222222,1.25,2.6,3,,,,,
438,F,32,4,4.111111111,4,2.6,3.625,,,,,
439,F,29,5,2.222222222,3.5,4.2,3.5,,,,,
440,F,49,4,1.222222222,1,1,4,,,,,
441,F,53,2,3.555555556,2.5,2.6,2.375,,,,,
442,F,55,6,1.888888889,2.5,2.8,3.125,,,,,
443,F,32,2,1.111111111,1,3.8,3.625,,,,,
444,F,41,2,1.333333333,1.25,3.4,3.625,,,,,
445,F,54,4,1.333333333,1,1.8,2.625,,,,,
446,F,40,1,2,1.5,4,3.625,,,,,
447,F,61,2,1.888888889,3.75,3.2,3.25,,,,,
448,F,35,2,2.333333333,2.75,3.6,3.75,,,,,
449,M,44,2,3.888888889,3.5,1,1.75,,,,,
450,F,18,2,3.777777778,3.5,2.2,2.375,,,,,
451,NA,52,5,3.777777778,1.75,1.2,3.125,,,,,
452,M,24,3,1.444444444,1,3.2,3.125,,,,,
453,M,22,3,1.333333333,3,2.4,2.625,,,,,
454,F,50,2,1.444444444,2,4,4,,,,,
455,F,49,3,2.555555556,3,3,2.375,,,,,
456,F,31,3,2.666666667,2.5,3.6,3.5,,,,,
457,F,63,2,1.111111111,1.5,5,4,,,,,
458,M,27,4,1.111111111,2.5,3.4,3.5,,,,,
459,F,47,2,1,2.75,5,4,,,,,
460,F,39,2,1.777777778,2,3.8,3.75,,,,,
461,F,30,2,2.444444444,2.75,4.6,4,,,,,
462,F,26,2,1.222222222,1,4.2,4,,,,,
463,M,28,4,1.111111111,1.5,4.4,3.75,,,,,
464,F,57,2,2,1.75,2.6,4,,,,,
465,F,33,2,3.333333333,4,3.2,2.125,,,,,
466,F,32,3,1.666666667,2.5,4,3,,,,,
467,F,19,2,2.888888889,1.75,3.8,2.875,,,,,
468,F,22,3,1.666666667,3.25,3.6,2.875,,,,,
469,F,46,5,1.333333333,2,4.2,3.875,,,,,
470,F,44,2,1,1.75,3.6,4,,,,,
471,F,51,4,1.222222222,3.25,2.6,4,,,,,
472,F,26,2,2.333333333,1,3.6,4,,,,,
473,M,55,5,3.222222222,3,4.8,3.5,,,,,
474,F,21,2,1.222222222,1,4.6,3.75,,,,,
475,F,23,3,2.444444444,3.75,4.2,3.5,,,,,
476,M,23,3,1.111111111,1,4.8,4,,,,,
477,F,44,2,3.888888889,2,1.2,2,,,,,
478,F,30,4,1.888888889,1,1.8,3.25,,,,,
479,F,45,4,2.222222222,2,2.8,2.75,,,,,
480,M,33,2,1.888888889,2.25,4,2.5,,,,,
481,F,28,4,4.555555556,4.5,1,1.375,,,,,
482,F,24,3,3.555555556,4,3.2,2.75,,,,,
483,F,61,3,1.777777778,3,3,3.625,,,,,
484,F,44,3,1.888888889,3.25,4.6,4,,,,,
485,F,44,3,2,1,2.8,3.875,,,,,
486,F,25,3,4,4,3.4,2.25,,,,,
487,F,39,5,1.888888889,2.5,3.2,3.75,,,,,
488,F,32,2,2.888888889,3.25,3.6,3.25,,,,,
489,F,59,2,1.555555556,3,3.2,4,,,,,
490,M,46,4,1.111111111,1.5,4.6,3.5,,,,,
491,F,47,2,1.222222222,3.5,3.6,3,,,,,
492,F,25,2,2.666666667,1.75,3,3.875,,,,,
493,F,38,4,1.333333333,1.25,2.4,3.875,,,,,
494,F,31,2,2.888888889,1,3,4,,,,,
495,F,38,2,1.111111111,1.5,4.6,4,,,,,
496,F,22,2,2.333333333,1,2.8,3,,,,,
497,F,50,4,1,2.5,4.6,4,,,,,
498,F,39,2,2.555555556,3,4.4,3.75,,,,,
499,M,51,2,2.777777778,1,4.8,2,,,,,
500,F,38,4,3.888888889,3.75,2.2,4,,,,,
501,F,35,4,3.333333333,3.25,2,2,,,,,
502,F,47,2,1.888888889,3.5,3.8,3.875,,,,,
503,F,36,4,1.666666667,2.75,4.4,3.75,,,,,
504,F,63,2,1.444444444,1,4,4,,,,,
505,F,39,3,2.666666667,2,3.8,3.75,,,,,
506,F,29,2,1.333333333,2.5,3.6,3.375,,,,,
507,M,54,2,1,1.25,3.6,2.875,,,,,
508,M,25,4,1,1.5,4.4,3.125,,,,,
509,F,43,4,1.777777778,3,3.6,3.375,,,,,
510,M,41,2,1.888888889,1.75,2.6,3.375,,,,,
511,M,29,2,1.111111111,1.75,4,3.875,,,,,
512,F,32,4,1.111111111,1,4.4,4,,,,,
513,F,21,2,1.888888889,2,4.8,3,,,,,
514,F,59,4,1.666666667,1.5,3.6,3.875,,,,,
515,F,18,2,3.444444444,2.5,4,3.5,,,,,
516,F,29,4,1.333333333,1.5,3.2,3.625,,,,,
517,F,22,2,1.222222222,1,4.2,3.875,,,,,
518,M,25,4,1.333333333,1,4.8,3.625,,,,,
519,F,46,2,2,1.5,3.4,3.5,,,,,
520,F,23,3,1.333333333,2.25,4,4,,,,,
521,F,52,3,3.777777778,3,4,3.625,,,,,
522,M,19,2,2.222222222,2.5,3.4,3.125,,,,,
523,F,44,2,1,1,5,4,,,,,
524,F,32,2,4.666666667,3.5,3,4,,,,,
525,F,44,4,1.333333333,1,3.2,3.75,,,,,
526,F,32,4,2.111111111,4,3.6,3.5,,,,,
527,F,32,4,2,3,4.4,3.625,,,,,
528,F,25,2,1.555555556,1,4.6,4,,,,,
529,F,54,2,1,1,3,4,,,,,
530,F,22,2,3,2.5,3.6,3.75,,,,,
531,F,53,4,1.222222222,1.75,3.4,4,,,,,
532,F,21,2,3.888888889,1,1.4,3.75,,,,,
533,M,34,2,1.555555556,1.5,4.2,3.625,,,,,
534,M,29,3,2.888888889,1.25,1,1.25,,,,,
535,F,44,2,2.111111111,2.75,4,3.5,,,,,
536,F,42,4,2.888888889,3.25,3.6,3.75,,,,,
537,F,21,2,1.444444444,2,4.4,3.5,,,,,
538,F,23,2,2.111111111,1.5,3.2,3.75,,,,,
539,M,45,4,1.111111111,1.5,2.4,3.625,,,,,
540,F,21,2,1.888888889,1.25,4.6,3.5,,,,,
541,F,44,3,1.555555556,1,3.4,3.75,,,,,
542,F,43,2,1.111111111,1,5,3.875,,,,,
543,F,33,3,1.555555556,1,4.2,4,,,,,
544,F,37,3,3.666666667,3,1.8,4,,,,,
545,F,49,4,1.111111111,1.25,3.4,3.5,,,,,
546,M,44,2,3.444444444,1,4.2,2.625,,,,,
547,F,48,4,1,1,5,3,,,,,
548,F,23,3,2.222222222,1,3.4,3.5,,,,,
549,F,33,2,3.444444444,3,3.8,3.875,,,,,
550,F,54,4,4.555555556,2,3,3.625,,,,,
551,F,23,3,2,3,3.4,3.625,,,,,
552,M,26,3,2.333333333,3.75,2.6,2.5,,,,,
553,F,45,4,1.888888889,2.5,4.4,3.75,,,,,
554,M,24,3,3,4.25,3.2,3.25,,,,,
555,M,37,3,1.777777778,3.75,1.4,1.875,,,,,
556,F,22,2,1.777777778,1,2.4,3.625,,,,,
557,F,22,3,1,2.5,4.6,3.625,,,,,
558,F,35,5,1.444444444,1,3.6,3.5,,,,,
559,F,36,4,2.111111111,3,2.6,3.75,,,,,
560,F,31,4,1.777777778,1,4.6,3.875,,,,,
561,F,49,4,2.444444444,3,4.8,3.5,,,,,
562,M,46,2,4,3,1.2,1.25,,,,,
563,F,21,2,1.222222222,1.25,4.6,3.875,,,,,
564,M,27,4,2.444444444,2,1.8,2.875,,,,,
565,F,25,4,1.777777778,1,5,4,,,,,
566,F,24,3,1.222222222,1,3.8,4,,,,,
567,NA,55,5,1.555555556,1.75,3.8,3.875,,,,,
568,F,19,2,3.888888889,3,3.4,3.5,,,,,
569,F,40,2,1.222222222,3.5,4.8,3.875,,,,,
570,M,62,3,1.555555556,1.75,3.4,3.75,,,,,
571,F,21,3,4.777777778,3,1,2.375,,,,,
572,F,24,3,1.555555556,1.5,3.4,3.75,,,,,
573,F,28,4,3,2.75,1.6,3.5,,,,,
574,M,55,3,3.111111111,3.5,5,3.375,,,,,
575,F,34,2,2,3,3.8,3.75,,,,,
576,F,46,3,4.111111111,2,2.2,4,,,,,
577,M,27,4,2.777777778,2.5,2.6,2.5,,,,,
578,F,54,3,3.666666667,3.5,2,2.75,,,,,
579,F,16,1,3.777777778,3.5,2.8,3.125,,,,,
580,F,21,2,4.888888889,3.25,1.2,1.375,,,,,
581,F,41,3,4,1.75,3.2,3.375,,,,,
582,M,29,4,3.444444444,3.5,3.4,2.75,,,,,
583,M,39,2,3.555555556,3.25,4,3,,,,,
584,F,22,3,1.111111111,1.75,3,3.125,,,,,
585,F,22,2,2,1.75,2.8,3.625,,,,,
586,F,30,4,2.333333333,2,3.6,3.25,,,,,
587,F,38,4,1.888888889,2,4.6,3.5,,,,,
588,F,46,3,2.111111111,1,3.6,4,,,,,
589,F,25,3,2.222222222,3.5,3.6,3.75,,,,,
590,F,60,2,2.333333333,2.5,2.6,1,,,,,
591,M,52,2,1.111111111,1.75,3,2.625,,,,,
592,F,43,2,2.444444444,4,3,3.75,,,,,
593,M,47,6,1.555555556,2.5,4.6,2.375,,,,,
594,F,45,4,1.555555556,3,4.8,2.75,,,,,
595,F,33,4,2.777777778,1,3.2,3.625,,,,,
596,M,37,3,1.888888889,2.5,4.8,4,,,,,
597,F,52,4,3.777777778,3.25,2.4,4,,,,,
598,F,36,3,2.444444444,3.75,3.4,3.875,,,,,
599,M,33,2,2.111111111,1.5,2.8,3.125,,,,,
600,F,27,4,1.888888889,1.75,3.4,3.625,,,,,
601,M,29,3,2.666666667,1.75,3.4,2.25,,,,,
602,M,22,3,1.444444444,2.5,3.8,3.75,,,,,
603,F,61,5,1.222222222,2,5,3.875,,,,,
604,F,19,2,2.111111111,2.75,3.8,3.75,,,,,
605,F,23,2,2,1.75,4.2,3.375,,,,,
606,F,65,2,1.333333333,1,5,4,,,,,
607,F,32,2,4.111111111,3.75,1.2,1.875,,,,,
608,M,53,2,3,1.75,2.8,3.25,,,,,
609,M,25,2,2.111111111,2.75,3.2,3.125,,,,,
610,F,59,4,2.222222222,4.25,4.2,4,,,,,
611,M,25,4,1.222222222,1,3.4,2.375,,,,,
612,F,18,2,2.333333333,1.5,4.2,3.75,,,,,
613,F,29,3,3.333333333,2.25,2.6,3.25,,,,,
614,F,24,3,1.222222222,1,2.6,3.625,,,,,
615,M,45,4,1.888888889,3.5,5,3.125,,,,,
616,M,42,2,2.444444444,3.5,2.8,3.25,,,,,
617,F,37,2,1.666666667,1,2.8,3,,,,,
618,F,19,2,2.222222222,2.5,3.8,3.5,,,,,
619,F,27,4,1,3.5,4.6,4,,,,,
620,M,25,3,2.222222222,3,2.4,1.875,,,,,
621,F,17,2,2.222222222,2.5,4.2,3.625,,,,,
622,F,45,2,2.555555556,2.75,3.2,4,,,,,
623,F,20,2,1.777777778,1.75,3.6,3.875,,,,,
624,M,21,2,2.444444444,2.5,1.4,1.75,,,,,
625,M,37,6,1.555555556,1.75,3.8,3.75,,,,,
626,F,54,2,4.222222222,4,1,3.375,,,,,
627,F,20,2,2.333333333,1,3,2.625,,,,,
628,F,38,5,1,1,3.6,4,,,,,
629,M,27,4,1.333333333,1,4.2,3.75,,,,,
630,F,44,2,1.111111111,1,4.8,3.625,,,,,
631,F,37,4,2,1.5,3.6,3.25,,,,,
632,M,29,2,3.555555556,3.25,2.6,2,,,,,
633,F,31,4,2.111111111,3,2.6,2.875,,,,,
634,F,31,4,2.111111111,3,2.6,2.875,,,,,
635,F,35,2,2.888888889,1.5,3.2,3.375,,,,,
636,F,23,3,2.777777778,1,1.6,3.625,,,,,
637,F,23,3,2.444444444,1,4,3.75,,,,,
638,F,25,3,1.444444444,2.5,3.4,3.375,,,,,
639,F,18,2,3.777777778,1.5,1.6,3.75,,,,,
640,F,28,2,4.888888889,4.25,3,3.25,,,,,
641,F,23,3,2.888888889,1.5,1,2.625,,,,,
642,F,21,2,1.222222222,1,4.6,4,,,,,
643,F,60,4,3.666666667,1,2.4,2.75,,,,,
644,F,52,3,1.222222222,1,3.6,4,,,,,
645,M,41,4,2.888888889,2.5,2,3.25,,,,,
646,F,27,2,1.555555556,3.25,3.8,4,,,,,
647,F,37,4,4.222222222,3.25,3.2,4,,,,,
648,M,43,2,4.222222222,3.25,1.2,1.375,,,,,
649,F,26,2,1,1,4.6,4,,,,,
650,F,40,3,1,1.75,4.6,4,,,,,
651,F,29,6,1.444444444,1.5,2.8,3.375,,,,,
652,F,30,5,2.222222222,3.75,4,3.5,,,,,
653,M,56,4,1,2.75,4.6,3.875,,,,,
654,F,22,2,1.333333333,3,4,3.5,,,,,
655,F,44,2,1.888888889,3.25,4.6,3.5,,,,,
656,M,20,2,4.333333333,2,1.2,1.625,,,,,
657,F,47,4,1.222222222,1.75,4,3.75,,,,,
658,M,52,4,4.444444444,3.5,1,1.375,,,,,
659,F,24,3,2.222222222,1,2.6,3.75,,,,,
660,F,37,4,2.333333333,2.25,4,4,,,,,
661,F,30,2,3.111111111,2.75,1.8,3.5,,,,,
662,F,49,3,1.777777778,2,2.6,3.75,,,,,
663,F,57,4,1.555555556,2,3.6,4,,,,,
664,F,48,2,1.555555556,2,4.6,4,,,,,
665,F,29,4,2.777777778,2.5,3.4,3.625,,,,,
666,F,26,4,3.444444444,1.5,1,3.625,,,,,
667,F,37,4,1.555555556,2.75,3.4,4,,,,,
668,M,40,5,1,1,3.4,3.375,,,,,
669,F,19,2,3.222222222,3.25,2.4,2.25,,,,,
670,F,50,4,1,3,2.6,3.375,,,,,
671,F,43,2,1.444444444,2,4.2,4,,,,,
672,M,35,2,1.111111111,1.5,2.8,3.875,,,,,
673,F,22,3,2.888888889,3.25,3.2,3.875,,,,,
674,F,32,4,1,1,3.6,3.625,,,,,
675,F,34,4,1.444444444,1.75,4,3.625,,,,,
676,F,27,4,3.555555556,2.75,2,3.75,,,,,
677,M,35,4,1,1,1.2,2.375,,,,,
678,F,25,4,3,1.25,3.6,2.375,,,,,
679,F,50,2,3.333333333,3,2.6,1.875,,,,,
680,F,49,6,1.111111111,1,3.8,3.875,,,,,
681,M,44,3,1,1,3.6,3.125,,,,,
682,M,33,5,1.111111111,1,3.8,3.5,,,,,
683,M,37,4,1,1.5,3,3.875,,,,,
684,F,37,4,1.888888889,2.25,2.8,3,,,,,
685,M,21,2,2.555555556,3.25,3,2.875,,,,,
686,F,57,2,4.333333333,1.75,1.4,3.375,,,,,
687,F,30,4,1.555555556,3,3.4,3.625,,,,,
688,F,31,4,1.444444444,1.75,2.8,3.625,,,,,
689,M,57,2,1.111111111,1,3.6,3.75,,,,,
690,M,33,4,2.222222222,3,2.4,2.125,,,,,
691,F,25,4,1.444444444,3.75,5,3.875,,,,,
692,F,27,4,3.111111111,3,1.2,2,,,,,
693,M,48,4,3.333333333,3.75,3.8,3.375,,,,,
694,F,31,4,1.444444444,2.5,2.8,3.625,,,,,
695,F,47,3,1.111111111,1,5,3.75,,,,,
696,F,42,3,1.111111111,1,3.8,3.75,,,,,
697,F,46,3,1.555555556,2,4.4,3.875,,,,,
698,F,43,2,3.888888889,3,2.6,2.625,,,,,
699,F,38,4,1,1,4.2,4,,,,,
700,M,41,3,2.555555556,3.25,2.8,1.5,,,,,
701,F,20,2,1.333333333,1,3.6,3.125,,,,,
702,F,33,2,1.222222222,1,2.4,3.875,,,,,
703,F,23,3,2.666666667,2.25,3.4,2.25,,,,,
704,F,24,3,2.888888889,3.25,2,3.75,,,,,
705,F,21,2,2.555555556,3,2.8,3.75,,,,,
706,NA,27,3,1.111111111,1,1.6,4,,,,,
707,M,60,4,1.222222222,1,4.4,2.75,,,,,
708,F,21,3,1.777777778,2.5,3.6,3.25,,,,,
709,F,38,2,1.777777778,2.5,4,4,,,,,
710,M,38,4,1.111111111,1,2.8,4,,,,,
711,F,42,4,1.111111111,1,3.6,3.875,,,,,
712,F,28,4,2,2,4.4,3.375,,,,,
713,F,18,2,1.888888889,2,4.6,3.25,,,,,
714,F,53,2,3.777777778,1.75,1,1.75,,,,,
715,F,19,1,3.777777778,3.5,2.4,3,,,,,
716,M,39,3,2.888888889,3.5,2.6,3.375,,,,,
717,F,23,3,3.555555556,3,3.2,1.5,,,,,
718,F,44,4,2.333333333,1,3.2,3.75,,,,,
719,F,25,2,1.333333333,1.5,3,3.375,,,,,
720,F,28,4,2.222222222,2,5,3.125,,,,,
721,M,26,4,3.333333333,3.5,1.8,3,,,,,
722,F,34,4,1.888888889,3.75,2.8,3.625,,,,,
723,F,49,4,2.666666667,3,3.6,3.125,,,,,
724,F,23,3,2.666666667,3.5,4.4,2.5,,,,,
725,F,28,4,3.111111111,3,4,1.875,,,,,
726,F,47,4,1.222222222,2,3.4,4,,,,,
727,F,28,4,1.666666667,1.5,3.4,3,,,,,
728,M,24,2,1.777777778,1.5,3.8,3,,,,,
729,F,54,2,1.888888889,3.75,3.4,3.875,,,,,
730,M,48,5,1.444444444,2,3.6,3.75,,,,,
731,M,42,3,1.333333333,1,3,2.875,,,,,
732,F,30,4,2.222222222,3.25,2.6,4,,,,,
733,F,46,2,3.666666667,3,3.6,3.5,,,,,
734,F,24,3,1.777777778,3,3.6,3.75,,,,,
735,F,24,4,1.111111111,1,4.6,3.625,,,,,
736,F,65,2,1.666666667,3.25,4.8,3.75,,,,,
737,F,33,4,1.222222222,1,4.2,3.75,,,,,
738,F,35,3,2.444444444,1.5,3.6,3.875,,,,,
739,F,32,4,1.222222222,2.25,3.2,3.5,,,,,
740,F,24,2,3.666666667,2.75,3,4,,,,,
741,F,42,2,1.333333333,1,3.4,3.875,,,,,
742,F,25,3,1.777777778,1,4.2,3.875,,,,,
743,F,52,4,1.888888889,4.25,3.8,3.75,,,,,
744,M,24,3,3.444444444,3,1.8,2.75,,,,,
745,F,42,4,1.777777778,1,4,3.5,,,,,
746,F,35,3,1.555555556,1,4.6,3.5,,,,,
747,F,36,4,1,3,3.8,4,,,,,
748,F,28,3,1.777777778,3.5,4.4,3.625,,,,,
749,M,34,4,1.888888889,1,4.6,3,,,,,
750,M,27,3,1.222222222,3,5,3.125,,,,,
751,F,48,4,1,1,3.6,3.75,,,,,
752,F,28,2,3.555555556,2,1.2,2.375,,,,,
753,F,45,5,4.333333333,3.25,1.4,1.75,,,,,
754,M,23,2,4.333333333,1.75,2.6,2.875,,,,,
755,F,34,4,1.222222222,1,2.8,2.25,,,,,
756,F,38,2,2.111111111,4.5,4.2,3.375,,,,,
757,M,54,4,2.888888889,3.5,4.6,3.125,,,,,
758,F,53,4,1,1,4.6,3.75,,,,,
759,M,38,5,1.222222222,1,3.6,3.5,,,,,
760,F,20,3,2,3,4.6,3.5,,,,,
761,F,40,4,1.444444444,3,3.8,4,,,,,
762,F,21,2,3.222222222,1,2.4,2.625,,,,,
763,M,46,4,1,1,3.4,4,,,,,
764,M,36,2,1.222222222,2.25,3.6,4,,,,,
765,F,59,4,2.888888889,3.5,4.6,3.625,,,,,
766,F,60,6,1.222222222,1.75,3.8,4,,,,,
767,M,35,4,1,1,2.2,3.625,,,,,
768,F,25,4,1,1,4.4,3.875,,,,,
769,F,51,2,1.888888889,2.75,3.8,3.75,,,,,
770,F,41,4,1.222222222,3.25,4.2,3.25,,,,,
771,F,20,2,2.777777778,1.5,1.2,1.375,,,,,
772,NA,38,2,1.555555556,3,3,3.125,,,,,
773,F,31,4,2.222222222,2.25,2.2,2.75,,,,,
774,F,33,4,2.444444444,3,2,3.25,,,,,
775,F,26,4,2.222222222,2.75,4.2,3.5,,,,,
776,M,44,4,2.222222222,3.5,4.2,3.25,,,,,
777,F,31,2,1.222222222,2,3,3.375,,,,,
778,F,52,2,2.777777778,4,3.6,4,,,,,
779,F,34,4,1.888888889,3.25,3.8,3.25,,,,,
780,F,31,4,1.444444444,1.5,2.8,3,,,,,
781,M,40,2,2.111111111,1,3,2.5,,,,,
782,F,30,2,1.777777778,1.25,4.2,4,,,,,
783,F,39,2,1.222222222,2.5,4,3.625,,,,,
784,M,46,5,1.555555556,1,3.6,3.5,,,,,
785,F,56,3,2,3.5,2.4,3.5,,,,,
786,M,23,2,1.111111111,2,3.6,3.875,,,,,
787,M,33,2,3.555555556,4,1.8,3.125,,,,,
788,F,42,4,2,1.5,3,3.125,,,,,
789,M,40,6,5,5,1,1,,,,,
790,F,31,4,1.222222222,1,3.2,3.5,,,,,
791,M,30,3,1,1,4.4,4,,,,,
792,F,26,4,3.222222222,1.25,4.8,4,,,,,
793,M,29,4,3.222222222,3,2.2,2,,,,,
794,F,39,3,1,1,4.8,3.875,,,,,
795,F,25,2,2.111111111,3,5,3.875,,,,,
796,F,28,4,1.555555556,1.5,4.2,3.125,,,,,
797,M,24,3,1.333333333,1,2.2,2.75,,,,,
798,F,33,4,1.888888889,1,3.4,3.375,,,,,
799,M,38,4,3.444444444,3,1.2,3.375,,,,,
800,F,30,4,1.555555556,1.25,3.8,3.875,,,,,
801,M,69,4,1.666666667,1,3.6,3.375,,,,,
802,M,44,2,1.222222222,3.25,4,3.75,,,,,
803,F,22,3,2.222222222,1.75,3.6,3.875,,,,,
804,M,35,3,2.111111111,2,2.6,3.625,,,,,
805,F,34,4,1.888888889,1.5,3.4,3.125,,,,,
806,F,56,2,1,1,4.8,4,,,,,
807,F,36,2,1.111111111,1,2.6,4,,,,,
808,F,22,3,4.333333333,3.5,1.4,1.75,,,,,
809,M,44,3,1.444444444,1,3,3.625,,,,,
810,M,41,5,1,1,3.4,2.75,,,,,
811,F,37,5,3.222222222,3.75,2.8,2.5,,,,,
812,F,42,4,3.333333333,4.75,4,4,,,,,
813,F,44,2,2.444444444,1,3,3.75,,,,,
814,F,46,4,1.888888889,1.5,4.2,4,,,,,
815,M,51,3,1,1,2.6,4,,,,,
816,F,37,6,1.333333333,1.25,3.4,4,,,,,
817,F,28,5,3.222222222,3,2.6,3.75,,,,,
818,F,30,4,1.777777778,1.25,3.8,4,,,,,
819,M,51,2,2.888888889,3.25,3,1.75,,,,,
820,F,48,2,2.888888889,2.75,3.4,2,,,,,
821,F,23,2,3.444444444,3,1,1.75,,,,,
822,F,33,2,1.222222222,2.5,3.2,3.5,,,,,
823,M,48,4,1.333333333,1.25,3.8,3.375,,,,,
824,M,36,3,1.333333333,1.25,3.2,3.875,,,,,
825,F,58,2,1.111111111,1,4.2,3.875,,,,,
826,M,40,5,1.222222222,1,3.6,3.5,,,,,
827,F,41,5,1.111111111,2,4.2,3.875,,,,,
828,F,62,2,1.333333333,1,4.4,4,,,,,
829,F,40,5,2.222222222,3,3.8,3.125,,,,,
830,F,32,2,3.666666667,3,3,3,,,,,
831,F,30,4,1.444444444,2.5,3.8,3.75,,,,,
832,F,34,5,2.222222222,2.25,3.8,3.625,,,,,
833,F,54,4,1.777777778,1,2.8,3.75,,,,,
834,F,56,5,1.444444444,3.5,3.6,3.625,,,,,
835,F,29,3,1.222222222,1.75,4.8,3.75,,,,,
836,M,41,4,1.555555556,1,3.6,3.625,,,,,
837,F,56,3,2.666666667,3,3.6,3.5,,,,,
838,F,37,2,2.666666667,1,1.4,2.875,,,,,
839,M,35,4,1.333333333,1.75,3,3,,,,,
840,M,43,3,1.333333333,3.25,4.2,3.875,,,,,
841,F,35,4,3.777777778,3.75,3,3.75,,,,,
842,F,29,3,1.444444444,1,3.8,3.875,,,,,
843,M,25,3,4.555555556,3,3,3.125,,,,,
844,F,42,5,1.666666667,1,4.4,4,,,,,
845,M,35,4,1.555555556,1,4.8,4,,,,,
846,F,26,4,1,1,4.6,3.75,,,,,
847,F,33,4,1.555555556,1,3.2,3.75,,,,,
848,F,37,5,3.444444444,3,3,3.25,,,,,
849,F,22,2,2.111111111,1,2.4,2.75,,,,,
850,F,29,4,1.222222222,1.5,4.4,4,,,,,
851,F,33,6,1.111111111,1.25,3.4,3.75,,,,,
852,F,45,6,1.555555556,1,4.4,3.625,,,,,
853,M,51,5,1,1,1.8,3.125,,,,,
854,F,25,3,1.333333333,1.75,3.4,3.625,,,,,
855,M,49,4,2.777777778,1,3.2,1.5,,,,,
856,F,30,5,1.444444444,2,3.8,3.875,,,,,
857,F,37,4,1.111111111,3,3.6,3.375,,,,,
858,F,40,3,1.444444444,3,2.6,3.875,,,,,
859,F,33,2,4.555555556,4.5,2.6,3,,,,,
860,F,36,4,1.666666667,3,4,3.625,,,,,
861,F,58,3,2.444444444,3.25,4.2,3.625,,,,,
862,F,22,2,2.666666667,1,2.8,3.75,,,,,
863,M,39,3,1.333333333,1.5,3.8,3.5,,,,,
864,F,29,4,1.666666667,2,4.4,3.125,,,,,
865,F,44,2,2,1,4.8,3.75,,,,,
866,M,49,3,3.555555556,2.25,1.6,3.875,,,,,
867,M,35,5,1.777777778,1.5,2.2,2.125,,,,,
868,F,26,4,3,3,2.4,4,,,,,
869,F,39,2,1.222222222,1,1.8,3.875,,,,,
870,F,35,2,3,2.25,3.2,3.875,,,,,
871,F,18,2,3.333333333,1.5,1,3.75,,,,,
872,F,28,3,3.333333333,2,1.6,1.5,,,,,
873,F,23,3,2.777777778,1,2.6,2.875,,,,,
874,F,38,4,1.888888889,3,3.2,3.5,,,,,
875,F,40,5,3.444444444,3.25,1,2.125,,,,,
876,F,60,4,2.888888889,3,5,3.125,,,,,
877,F,47,2,2.111111111,4.5,5,3.5,,,,,
878,F,48,4,2,2.25,2.4,3.75,,,,,
879,F,41,4,1.444444444,2,4.4,4,,,,,
880,F,34,4,1.666666667,1,4.2,3.625,,,,,
881,F,42,3,1.666666667,3.25,2.8,4,,,,,
882,F,37,4,2.111111111,1,2.4,3.375,,,,,
883,M,41,5,1.222222222,1,3.6,4,,,,,
884,F,29,4,1.444444444,2,4.2,3.875,,,,,
885,F,35,4,1.555555556,3.5,3.8,3.875,,,,,
886,M,42,4,1.333333333,1.75,3.6,3.875,,,,,
887,F,37,2,1.333333333,2,3.6,4,,,,,
888,M,45,4,2.777777778,1.75,3.2,2.25,,,,,
889,F,28,1,4.111111111,1,3.6,4,,,,,
890,F,32,2,1.888888889,2.75,4.6,2.75,,,,,
891,F,23,2,1.222222222,1.75,3.2,3.125,,,,,
892,M,48,2,4.888888889,3.75,1.4,1.75,,,,,
893,M,48,5,1.111111111,1,3.6,3.75,,,,,
894,M,32,4,1.333333333,3,2.6,3,,,,,
895,F,55,4,1.444444444,1.75,5,4,,,,,
896,M,38,4,1.222222222,1.5,3.6,4,,,,,
897,F,45,2,1.666666667,1.25,3,3.25,,,,,
898,F,44,2,1.888888889,2.25,3.2,4,,,,,
899,F,33,4,1.444444444,1,3.4,2.875,,,,,
900,F,57,3,1.111111111,2.25,5,4,,,,,
901,F,36,4,4.666666667,4.25,1,2.5,,,,,
902,F,29,2,3.444444444,3.5,3.2,3.625,,,,,
903,F,24,2,2.777777778,2.5,3.8,3.625,,,,,
904,F,45,4,1.888888889,3.25,4,3.75,,,,,
905,NA,44,5,3.333333333,3.25,2.2,3.125,,,,,
906,F,33,4,1.555555556,3,4.8,3.625,,,,,
907,F,45,4,3.444444444,3.25,3.6,4,,,,,
908,F,41,5,1.777777778,1,5,3.75,,,,,
909,F,23,3,1.333333333,2.25,3,3.875,,,,,
910,F,45,3,1,1,2.8,3.875,,,,,
911,F,31,4,1.444444444,1,3.4,4,,,,,
912,F,20,2,2.111111111,2.5,4.4,3.5,,,,,
913,F,23,2,2.222222222,3,4,4,,,,,
914,M,33,4,1.222222222,1,3,3.375,,,,,
915,F,54,3,2.444444444,2.75,3.6,3.875,,,,,
916,F,30,4,3,2,3,3.625,,,,,
917,M,32,2,1,1.25,3,2.75,,,,,
918,F,36,4,2.888888889,2.5,2.2,3.125,,,,,
919,F,24,4,3.555555556,1,2.2,2.375,,,,,
920,F,42,2,1.777777778,3,4.2,3.75,,,,,
921,M,24,3,1.888888889,2,3.2,3.375,,,,,
922,F,40,5,1,2,3,3.75,,,,,
923,M,39,4,2,1,1.8,2,,,,,
924,M,32,4,1.222222222,1.5,2,3.5,,,,,
925,F,42,5,1.888888889,1.25,3.2,3.375,,,,,
926,F,27,4,1.555555556,1.25,4,2.625,,,,,
927,F,42,4,3.777777778,2.75,4.2,3.25,,,,,
928,F,25,3,2.555555556,1.5,3.2,3.875,,,,,
929,M,24,2,1.222222222,1,3.6,3.5,,,,,
930,F,32,4,1.333333333,1.75,4.2,3.875,,,,,
931,F,43,2,1.111111111,1,3.6,4,,,,,
932,F,27,2,3,2.25,4.2,3,,,,,
933,F,22,3,1.111111111,1,1.8,3.5,,,,,
934,F,27,4,1,1,4.2,3.875,,,,,
935,M,34,2,3.333333333,3.5,3.6,2.625,,,,,
936,F,36,4,3.111111111,1.5,1.8,1,,,,,
937,F,32,4,2.777777778,3,3.4,3.25,,,,,
938,F,30,5,1,1,3.2,4,,,,,
939,F,44,2,2.444444444,1.5,1.6,3.625,,,,,
940,F,44,2,2.222222222,1.25,4.6,3.375,,,,,
941,F,36,4,4,4,2.6,4,,,,,
942,F,40,5,1.222222222,1.5,5,4,,,,,
943,F,47,3,1.111111111,1.5,3.2,4,,,,,
944,NA,32,2,4.111111111,4.5,2,2.625,,,,,
945,F,27,4,2,3,4,4,,,,,
946,F,50,2,3.222222222,3.75,3.4,2.75,,,,,
947,F,36,2,3,3.75,3.6,3.75,,,,,
948,M,40,2,1.333333333,1,1.6,4,,,,,
949,M,35,5,1.222222222,1,3.6,3.875,,,,,
950,F,47,5,4.888888889,3.5,2.6,4,,,,,
951,F,39,4,1.111111111,1.5,3.4,3.25,,,,,
952,F,32,2,1,1,4.6,3.75,,,,,
953,F,33,4,2.222222222,1.75,3.6,3.5,,,,,
954,F,31,2,2.777777778,2.5,1.6,4,,,,,
955,F,24,3,2.111111111,1,4.8,2.75,,,,,
956,F,38,2,2.555555556,3.5,4.2,4,,,,,
957,M,52,4,1,1,2.4,3.875,,,,,
958,F,37,5,2.444444444,1,4.2,4,,,,,
959,M,27,4,1.222222222,3,3.6,3.375,,,,,
960,F,36,2,3.555555556,3.75,3,2.375,,,,,
961,F,40,2,3.888888889,4.5,4.6,3.625,,,,,
962,F,48,3,1.111111111,3.25,3,3.75,,,,,
963,M,58,4,1.444444444,1,2,3.875,,,,,
964,F,33,3,3.666666667,3,3,3.375,,,,,
965,F,39,4,4.444444444,3,4.2,3.875,,,,,
966,F,39,4,2.444444444,1.5,3,2.75,,,,,
967,M,46,4,1.888888889,2,4.6,3.875,,,,,
968,F,22,2,1.555555556,3.5,3.6,3.375,,,,,
969,F,38,2,4,3.5,3.2,4,,,,,
970,F,22,2,4.111111111,3.5,1,2.75,,,,,
971,F,28,4,1.777777778,2,3.8,2.875,,,,,
972,M,26,3,4.777777778,3.75,1,1.25,,,,,
973,F,30,4,1.111111111,1,3.2,3.875,,,,,
974,F,51,4,2.333333333,1,2.4,3.25,,,,,
975,NA,18,2,3.111111111,3.25,3.6,2.75,,,,,
976,F,47,4,1.111111111,1.75,3,3.625,,,,,
977,M,35,2,1.222222222,1,3.2,3.25,,,,,
978,F,38,6,2.333333333,1,3,2.5,,,,,
979,F,25,4,2.333333333,2.75,3,2.75,,,,,
980,F,22,3,1.777777778,3,2.8,3.375,,,,,
981,F,53,2,1.666666667,2.75,4,3.25,,,,,
982,F,31,4,1.555555556,1.5,4.8,3.625,,,,,
983,F,34,4,1.333333333,1,1.6,3.75,,,,,
984,M,28,4,1.111111111,1,3.2,3.75,,,,,
985,M,35,4,2.666666667,3,2.2,3.75,,,,,
986,M,45,2,1.555555556,1.5,2.4,3,,,,,
987,M,37,2,1.444444444,1.5,3.8,2.125,,,,,
988,F,29,4,3.222222222,1,3,4,,,,,
989,M,25,4,1.444444444,3.25,4.2,3.5,,,,,
990,F,23,3,3.222222222,2.25,2.2,3.75,,,,,
991,F,39,5,1,1,3.2,2.875,,,,,
992,M,39,6,1.333333333,2.5,3.2,3.5,,,,,
993,F,28,4,4.333333333,4,1.4,1.375,,,,,
994,M,46,2,1.111111111,3,3.4,3.875,,,,,
995,F,31,4,1.444444444,1,2.8,3.375,,,,,
996,M,33,3,2.888888889,3,2.8,3.75,,,,,
997,F,27,4,2.444444444,3,3.2,3.875,,,,,
998,F,46,4,1.888888889,3.75,3.6,3.25,,,,,
999,F,41,4,1.111111111,1,4.2,3.625,,,,,
1000,F,23,3,1.444444444,1.5,3.8,2.875,,,,,
1001,F,32,5,1.222222222,1.5,3.4,3.25,,,,,
1002,F,33,4,2.444444444,2.5,2.8,3.375,,,,,
1003,M,37,5,1.777777778,1,3.4,2.625,,,,,
1004,F,53,2,4.333333333,4.75,1.2,3.125,,,,,
1005,F,33,4,1.111111111,1,3.4,3.5,,,,,
1006,M,37,5,2.333333333,1.75,3.2,2.25,,,,,
1007,F,32,6,1.222222222,1,3.8,3.875,,,,,
1008,F,31,5,1.333333333,2.25,3.8,4,,,,,
1009,F,36,5,1.888888889,3.25,3.2,3.125,,,,,
1010,F,34,4,3.555555556,3,1.6,2.25,,,,,
1011,M,55,3,2.777777778,3.25,1,1.5,,,,,
1012,F,40,4,2.333333333,3,3.2,3.375,,,,,
1013,M,55,4,1.333333333,1.5,5,3.625,,,,,
1014,F,37,5,2,3,3,3.625,,,,,
1015,M,35,3,2,1,3.6,3.625,,,,,
1016,F,35,3,1.333333333,2.25,3.6,3.25,,,,,
1017,F,32,4,3.111111111,3.75,3.4,2.875,,,,,
1018,F,34,5,2.222222222,1.75,3.6,3.625,,,,,
1019,F,32,4,1,1,4,4,,,,,
1020,M,34,2,1.555555556,1.5,2.8,2.75,,,,,
1021,M,36,5,1.555555556,1.75,3.8,3.25,,,,,
1022,F,28,2,1,1.5,4.8,3.5,,,,,
1023,M,48,4,1.777777778,1.5,4.2,3.625,,,,,
1024,M,45,2,1,2.75,4.6,3.875,,,,,
1025,F,27,3,1.666666667,1,3,3.75,,,,,
1026,F,32,4,2.555555556,1.75,2,2.875,,,,,
1027,F,36,3,3.222222222,2.25,3,3,,,,,
1028,M,34,4,1.666666667,3,1,3.5,,,,,
1029,F,33,5,1.333333333,2,3,3.125,,,,,
1030,M,28,4,3.333333333,2.25,2.8,3.625,,,,,
1031,F,42,6,2.777777778,1,4.6,3.5,,,,,
1032,F,35,4,1,1,5,2.25,,,,,
1033,F,55,4,1,1,3.6,3.875,,,,,
1034,F,20,2,2.555555556,1,2.8,3.25,,,,,
1035,M,38,3,1.222222222,1,2.6,4,,,,,
1036,F,30,4,1.111111111,1,3.8,3.875,,,,,
1037,F,36,2,2.333333333,2.5,1.2,2.125,,,,,
1038,M,37,4,1.888888889,3.75,3.2,3.375,,,,,
1039,F,31,4,1.888888889,2,4.4,4,,,,,
1040,F,33,4,2.444444444,3,1,1.625,,,,,
1041,M,21,3,2,2.75,3.4,2.625,,,,,
1042,F,43,4,1.888888889,2,3.4,3.75,,,,,
1043,F,45,4,1.222222222,1.5,3,2.125,,,,,
1044,M,36,5,1.111111111,1.5,1.4,3.125,,,,,
1045,F,39,4,1.333333333,2.25,4.2,3.875,,,,,
1046,M,39,5,2,1.25,3.4,3.875,,,,,
1047,M,26,3,2.111111111,3.75,3.6,4,,,,,
1048,M,30,5,2.444444444,3,4,2.125,,,,,
1049,F,35,5,2.222222222,3,3.8,3.625,,,,,
1050,M,34,4,1.555555556,3,3.8,3,,,,,
1051,F,20,2,1,1.5,3.8,3.625,,,,,
1052,F,48,4,2.777777778,3,3.8,3.375,,,,,
1053,M,28,4,1.111111111,1,4.2,3,,,,,
1054,F,28,4,1.222222222,1,4.4,3.75,,,,,
1055,M,34,3,1,1,4.4,3.375,,,,,
1056,F,40,2,2.222222222,2.5,3.6,4,,,,,
1057,M,41,3,1.222222222,1.25,4,3.5,,,,,
1058,M,20,2,1.222222222,2,4.8,2.75,,,,,
1059,F,28,3,2.111111111,1,2.8,2.375,,,,,
1060,F,35,4,1.111111111,1,4.2,3.5,,,,,
1061,F,31,4,1.222222222,1,4.2,3.625,,,,,
1062,F,48,3,3.333333333,2.75,4,3.5,,,,,
1063,F,61,4,3.222222222,4.5,3.8,3.75,,,,,
1064,M,40,4,1.333333333,1,3.6,3,,,,,
1065,M,34,2,2.777777778,1,2,1.875,,,,,
1066,F,28,4,2.666666667,3.5,4.8,3.875,,,,,
1067,M,43,3,1.666666667,2,1,3.75,,,,,
1068,M,46,6,2,2,4.6,2.75,,,,,
1069,F,52,4,1.333333333,3,3.4,3.5,,,,,
1070,F,65,3,1.555555556,2,1.6,1.625,,,,,
1071,F,45,4,4.111111111,4.25,3,2.625,,,,,
1072,F,49,2,2.111111111,2,5,4,,,,,
1073,F,53,2,4.666666667,4.75,2.8,2,,,,,
1074,F,34,5,3.888888889,3,3.6,4,,,,,
1075,F,30,5,1.666666667,1,3,3,,,,,
1076,M,17,2,5,4.25,3.4,1.375,,,,,
1077,F,49,5,4.444444444,3.5,2,2,,,,,
1078,F,43,5,1.555555556,1,3.8,3.75,,,,,
1079,F,54,4,2.222222222,3.25,2.6,2.75,,,,,
1080,M,38,6,2.777777778,4.75,3.6,3.125,,,,,
1081,F,54,2,1.666666667,4.25,2,2.375,,,,,
1082,F,59,4,3.333333333,3.75,3.8,3,,,,,
1083,F,33,3,1.444444444,1,3.8,3.875,,,,,
1084,M,34,6,1.333333333,1,3.6,4,,,,,
1085,M,36,3,3,2.25,2.2,2.625,,,,,
1086,M,40,2,1.333333333,1,3,3.5,,,,,
1087,F,46,2,2.666666667,3,4,3.125,,,,,
1088,M,32,5,1.333333333,1,3.4,3.125,,,,,
1089,F,38,3,1.222222222,1.25,3.6,3.875,,,,,
1090,M,36,3,2,1.5,2.8,3.375,,,,,
1091,F,19,2,3.333333333,2.75,3.4,2.125,,,,,
1092,M,47,4,4.333333333,4,1,2.125,,,,,
1093,F,32,4,1.222222222,2.75,3.6,3.875,,,,,
1094,M,27,3,2.333333333,2.25,3.2,3.625,,,,,
1095,F,49,2,1.888888889,1,3.6,3.875,,,,,
1096,F,39,3,3.666666667,2.5,2.4,3.625,,,,,
1097,F,31,4,1.333333333,1.75,2.4,3.875,,,,,
1098,F,36,4,1,1,3.4,3.25,,,,,
1099,M,38,2,1,3,5,3.875,,,,,
1100,M,45,5,1.666666667,1.5,4,3.75,,,,,
1101,F,47,3,1.444444444,1.75,5,2.25,,,,,
1102,F,60,4,3.555555556,3,4,3.125,,,,,
1103,F,54,2,4.222222222,3.75,1.8,1.5,,,,,
1104,F,36,6,3,4,1,2.375,,,,,
1105,F,55,4,3.555555556,4.5,1.6,3.125,,,,,
1106,F,53,2,4.333333333,3.25,2.6,2.125,,,,,
1107,F,39,4,1.222222222,2,4.4,3.625,,,,,
1108,F,50,4,3.444444444,3.5,2.8,3.625,,,,,
1109,F,55,2,3.444444444,3.25,3,4,,,,,
1110,F,18,2,2.555555556,3.25,2.8,3.75,,,,,
1111,F,50,2,3.222222222,3.25,3.8,3.375,,,,,
1112,F,34,4,3,3,2.6,2.625,,,,,
1113,F,41,5,3.777777778,1,4,3.5,,,,,
1114,M,24,3,1.333333333,1.5,4,3.625,,,,,
1115,M,39,2,1,1.5,3.4,3.75,,,,,
1116,F,39,5,2.555555556,3.25,3.4,3.375,,,,,
1117,F,32,4,3.666666667,3.5,2,1.75,,,,,
1118,F,27,5,1.666666667,1.5,4,3.5,,,,,
1119,M,37,2,4,3.5,3,2.25,,,,,
1120,F,37,4,3.333333333,3,3,3.125,,,,,
1121,M,19,3,1.666666667,2,4.8,2.375,,,,,
1122,F,33,2,2.777777778,3,3.2,3.5,,,,,
1123,F,36,4,1,1.5,3.6,3.875,,,,,
1124,F,40,4,3.555555556,3,3.4,3.75,,,,,
1125,M,48,4,1.333333333,2.25,2.6,3.875,,,,,
1126,M,40,4,4.666666667,3.5,1,1.75,,,,,
1127,M,42,2,2.888888889,2.75,1,3.625,,,,,
1128,F,22,2,1.222222222,3,2,2.375,,,,,
1129,F,38,4,1.222222222,1.75,4,3.375,,,,,
1130,F,43,5,1.222222222,1,3.8,3.25,,,,,
1131,M,46,2,2.888888889,1.5,2,2.125,,,,,
1132,F,44,2,2.555555556,4.25,4,3.625,,,,,
1133,F,48,4,2,1,3.6,3.125,,,,,
1134,F,46,4,2.666666667,3.25,3.6,3.25,,,,,
1135,F,56,2,1.555555556,1.75,4,3.125,,,,,
1136,M,32,4,1.111111111,1.5,2.8,3.25,,,,,
1137,F,35,4,1.111111111,1,4.4,3.125,,,,,
1138,F,41,6,1.111111111,1,3.4,4,,,,,
1139,F,61,3,1.444444444,1.75,3.6,3.75,,,,,
1140,F,32,5,2.888888889,2.25,3,3,,,,,
1141,F,43,5,2.888888889,3.5,4.2,3.75,,,,,
1142,M,38,2,1.222222222,1,3.2,3.125,,,,,
1143,F,58,3,2.333333333,3,3.4,3,,,,,
1144,M,31,4,1.111111111,1,2.6,3.625,,,,,
1145,F,35,3,4.111111111,1.75,1.8,2.125,,,,,
1146,F,43,4,1.111111111,1,3.2,3.375,,,,,
1147,F,24,4,1.333333333,1.75,4.6,4,,,,,
1148,F,40,4,1,1.25,3.8,3.875,,,,,
1149,F,31,4,1.666666667,1,3.8,4,,,,,
1150,F,49,5,1,2,5,3.75,,,,,
1151,F,22,2,1.444444444,1.5,4.4,4,,,,,
1152,F,37,4,1.222222222,1,4,3.875,,,,,
1153,F,42,5,1.888888889,1.75,1.2,3.625,,,,,
1154,F,57,4,1.444444444,1.25,3.8,3.625,,,,,
1155,F,32,3,2.222222222,2.5,1.8,3.125,,,,,
1156,F,51,2,3.666666667,3.5,3.2,3.125,,,,,
1157,F,32,5,2.555555556,3,5,3.75,,,,,
1158,F,40,4,2.888888889,1.75,3.4,3.625,,,,,
1159,F,71,2,3.777777778,3.75,2.6,2.75,,,,,
1160,M,39,2,3.666666667,3.75,1,1.25,,,,,
1161,F,30,4,1.666666667,1,2.8,3.75,,,,,
1162,M,34,6,2.555555556,3.5,3.8,3.375,,,,,
1163,F,72,3,1.888888889,3.5,4.4,3.75,,,,,
1164,F,35,4,3.555555556,2.5,3,4,,,,,
1165,F,49,5,2.666666667,4,3.6,3.125,,,,,
1166,F,54,6,2.333333333,3.5,3.8,4,,,,,
1167,M,40,3,1.666666667,3,3.2,2.75,,,,,
1168,F,34,2,3.333333333,1,4.2,3.75,,,,,
1169,F,42,4,3.222222222,4,3,4,,,,,
1170,F,25,3,2.444444444,1.25,3,3.125,,,,,
1171,F,42,6,2.333333333,3.5,2.4,2,,,,,
1172,F,46,2,1.666666667,2,4.4,3.625,,,,,
1173,F,33,4,1,2.75,3.6,3.875,,,,,
1174,F,47,5,1.333333333,2.25,2.6,3.375,,,,,
1175,F,38,2,1.444444444,2.25,3,4,,,,,
1176,F,35,5,1.666666667,1,4.4,3.5,,,,,
1177,F,31,2,4,2.75,1.6,2.875,,,,,
1178,F,32,5,1.333333333,1.5,3.2,3.125,,,,,
1179,NA,20,2,3.444444444,3,3,3.625,,,,,
1180,F,37,3,1.111111111,1,4.6,3.875,,,,,
1181,F,34,5,4,4.25,2.8,2.75,,,,,
1182,M,43,3,3.222222222,2.5,1,1.75,,,,,
1183,F,32,3,1.222222222,1.25,4.2,3.75,,,,,
1184,F,31,4,1.888888889,3.25,4.6,3.625,,,,,
1185,M,38,2,1.666666667,1.25,2,3,,,,,
1186,F,43,4,2.555555556,3.5,3.8,3.875,,,,,
1187,F,33,4,3.222222222,3,1.8,3.375,,,,,
1188,F,63,3,1.111111111,1.75,4.4,3.75,,,,,
1189,F,43,5,4.888888889,4,1.4,4,,,,,
1190,F,25,4,1.888888889,2,2.8,3,,,,,
1191,M,29,2,4.555555556,3.5,2.2,2.25,,,,,
1192,F,35,4,1.333333333,2.25,3.2,3.5,,,,,
1193,F,21,3,3.777777778,1.25,2.6,2.625,,,,,
1194,F,21,3,3,3.25,3.6,3.875,,,,,
1195,M,39,6,2,2,3.6,3.875,,,,,
1196,F,22,2,1.888888889,1,2.8,3.875,,,,,
1197,F,25,2,4.555555556,3.75,2.6,3.75,,,,,
1198,M,28,2,1.222222222,1,3.8,3.625,,,,,
1199,F,22,2,1.666666667,1,3,4,,,,,
1200,F,24,2,2.222222222,1,2.6,3.375,,,,,
1201,F,25,2,2.111111111,3.25,3.4,3.25,,,,,
1202,F,41,6,3.111111111,3.5,4,3,,,,,
1203,M,0,6,2.444444444,3,3,2.875,,,,,
1204,F,21,2,1.666666667,3.25,4.2,2.25,,,,,
1205,M,30,2,1.333333333,3,3.2,2.125,,,,,
1206,F,23,3,2,2.25,4.8,3.75,,,,,
1207,F,35,2,2.777777778,3,3.2,3.5,,,,,
1208,F,34,4,4.333333333,4.25,3,3.875,,,,,
1209,F,28,4,2.777777778,1.75,3.8,2.875,,,,,
1210,M,54,6,1.555555556,1.5,2.4,4,,,,,
1211,M,35,6,2.333333333,3,3,3.25,,,,,
1212,M,34,4,1.888888889,3.5,2.6,3.75,,,,,
1213,F,41,5,2.666666667,2.25,3.2,1.375,,,,,
1214,F,28,4,3.888888889,4.5,1.8,3.25,,,,,
1215,F,32,4,1.444444444,2,5,4,,,,,
1216,F,47,2,4.111111111,3.75,2.4,2.875,,,,,
1217,F,22,2,3.444444444,1.5,1,2.875,,,,,
1218,M,20,2,3.777777778,3,1.2,1.625,,,,,
1219,NA,29,2,3.555555556,3.5,3.6,2,,,,,
1220,F,49,6,2.555555556,2,5,3.875,,,,,
1221,F,43,6,1.333333333,1.25,5,3,,,,,
1222,F,22,3,2.444444444,4,4.4,3.125,,,,,
1223,F,19,2,2.444444444,2,3.6,3.625,,,,,
1224,F,39,4,1.333333333,1.5,2.4,4,,,,,
1225,M,20,2,3,2.25,1.8,2.125,,,,,
1226,F,67,5,2.333333333,2.75,3.6,3.875,,,,,
1227,M,29,4,2.666666667,2.75,2.8,3.375,,,,,
1228,F,32,5,1.666666667,1,3.8,4,,,,,
1229,M,52,6,1.444444444,1.5,4.2,3.875,,,,,
1230,F,50,6,1.333333333,1,4.6,3.625,,,,,
1231,M,21,2,1.444444444,1,1,3.25,,,,,
1232,F,41,6,1.111111111,1,4.4,3.875,,,,,
1233,F,24,4,1.333333333,2.75,4.2,3.5,,,,,
1234,F,24,3,2.888888889,2.25,3,2.75,,,,,
1235,F,22,3,2.555555556,4.25,4.4,3.125,,,,,
1236,M,23,2,2,3,3.6,1.625,,,,,
1237,F,50,5,2,2.25,4.8,3.75,,,,,
1238,M,29,3,2,2,1.6,3.625,,,,,
1239,F,26,4,1.888888889,1.25,3.4,3.625,,,,,
1240,F,22,3,1.333333333,1.75,4.8,3.875,,,,,
1241,F,25,3,2,1,2.6,2.75,,,,,
1242,M,49,3,2.777777778,3,1.2,2,,,,,
1243,F,32,5,1.111111111,1,3.6,3.375,,,,,
1244,F,24,4,2,2,4,4,,,,,
1245,F,21,2,1.555555556,2.5,3.2,3.25,,,,,
1246,M,40,2,1.444444444,1,3.2,2.5,,,,,
1247,F,26,2,3.111111111,3,1.2,2.875,,,,,
1248,M,23,3,1.111111111,1,2.6,2.5,,,,,
1249,F,36,4,1.777777778,1,2.2,2.25,,,,,
1250,F,35,4,1.555555556,1,4,3.5,,,,,
1251,M,31,4,1,1,3.4,3.75,,,,,
1252,M,38,6,1.222222222,1,1.8,3.375,,,,,
1253,F,45,5,1.222222222,2.5,4.6,4,,,,,
1254,M,23,2,2.888888889,3.25,2.8,3.5,,,,,
1255,F,25,3,3.777777778,2,1.8,2.5,,,,,
1256,F,21,2,2.444444444,3.25,3.8,3.875,,,,,
1257,F,43,5,1,1.5,1.6,3.875,,,,,
1258,F,24,3,2,1,2.8,3.375,,,,,
1259,F,24,3,1.666666667,1.5,3.2,3.75,,,,,
1260,F,22,2,1.444444444,1.25,4.2,4,,,,,
1261,F,28,4,4.222222222,1,1,3.125,,,,,
1262,F,27,3,2.777777778,3.75,1.4,2.375,,,,,
1263,M,50,2,1,1,4.6,3.625,,,,,
1264,F,25,3,1.222222222,1,3.6,3.625,,,,,
1265,F,27,4,1.222222222,3.25,3,3.75,,,,,
1266,F,35,3,3,2.25,3.6,4,,,,,
1267,F,25,3,1.666666667,2,3.6,4,,,,,
1268,F,45,6,2.111111111,2,4.2,4,,,,,
1269,F,25,3,3,3.5,3,3.625,,,,,
1270,F,24,2,1.333333333,1.5,2.6,3.625,,,,,
1271,M,26,4,1.333333333,1.25,3.6,3,,,,,
1272,F,30,4,1.444444444,3,4.2,3.75,,,,,
1273,F,38,5,1.222222222,2.5,3.4,3.75,,,,,
1274,F,25,2,4.333333333,4.25,2.4,2.125,,,,,
1275,F,34,6,1.222222222,1,3.6,3.875,,,,,
1276,F,19,3,4.111111111,3.5,2.4,1.75,,,,,
1277,F,34,6,1,1,3.8,3.75,,,,,
1278,F,33,4,1.111111111,1.25,4.2,3.625,,,,,
1279,F,27,4,1.555555556,1,3.4,4,,,,,
1280,F,29,4,1.333333333,1,4.4,4,,,,,
1281,F,55,4,1,3.25,3.4,3.5,,,,,
1282,F,23,2,1.666666667,1,4,4,,,,,
1283,F,24,2,3.222222222,4.25,3.6,3.75,,,,,
1284,F,49,2,4,4,2.8,3.25,,,,,
1285,F,40,4,1.555555556,1.75,2.4,3.5,,,,,
1286,M,36,6,1.333333333,1.5,3.4,3.5,,,,,
1287,F,22,3,1.333333333,1,2.6,3.375,,,,,
1288,F,55,4,1.333333333,1.25,3.6,3,,,,,
1289,F,36,6,1.222222222,1,3,2.75,,,,,
1290,F,41,6,1.111111111,1,3.2,4,,,,,
1291,F,21,2,2,2.75,3.8,3.75,,,,,
1292,F,37,5,1.222222222,1,2,4,,,,,
1293,M,48,6,3,3,3.4,3.25,,,,,
1294,F,23,3,1.333333333,1.75,3.6,3.5,,,,,
1295,F,39,4,1.444444444,2,3.8,3.625,,,,,
1296,F,21,2,1.111111111,1.5,4.8,3.875,,,,,
1297,F,37,3,2.666666667,1.75,3.6,3.625,,,,,
1298,F,30,4,1.222222222,1,4,3.875,,,,,
1299,F,33,6,2.555555556,3,3.8,3.75,,,,,
1300,M,62,6,1.333333333,2.5,2,3,,,,,
1301,F,39,4,1.444444444,1.5,2.6,3.5,,,,,
1302,F,34,4,1.777777778,2.5,4,3.875,,,,,
1303,F,41,6,2.111111111,2.5,3.6,4,,,,,
1304,F,27,5,2.111111111,4.5,3,2.75,,,,,
1305,F,32,4,3,4,4.6,3.875,,,,,
1306,F,26,3,1.333333333,1.75,3.8,4,,,,,
1307,F,40,4,1.555555556,1,2.8,3.875,,,,,
1308,F,23,3,3,3.5,2,2.75,,,,,
1309,M,32,3,1.444444444,2,3,2.375,,,,,
1310,F,22,3,1.888888889,2,4.6,3.5,,,,,
1311,F,24,2,3.888888889,2,4.4,2.875,,,,,
1312,M,39,4,3.111111111,2,1.6,2,,,,,
1313,F,35,4,1.222222222,2,5,3.375,,,,,
1314,F,29,4,1,1,4.4,3.5,,,,,
1315,M,30,4,2.222222222,2,3,3,,,,,
1316,F,22,3,2,2.25,4.8,3.375,,,,,
1317,M,39,4,1.222222222,1,3.4,4,,,,,
1318,F,23,3,3.222222222,2.5,2.8,3.625,,,,,
1319,F,49,5,1.555555556,3.25,3.6,4,,,,,
1320,F,25,3,2.222222222,1.5,2.8,3.25,,,,,
1321,M,38,2,2.888888889,2.5,3.4,2.625,,,,,
1322,M,45,4,2.666666667,1,2.8,2.125,,,,,
1323,F,18,2,3.777777778,4,3.8,3.75,,,,,
1324,F,26,4,1.444444444,1.75,4.4,3.75,,,,,
1325,F,39,5,1.111111111,2,3.4,3.125,,,,,
1326,M,35,4,2.777777778,3.75,3.2,2.5,,,,,
1327,F,21,2,3.555555556,2,4.2,4,,,,,
1328,M,36,4,2.333333333,3,1.8,2.75,,,,,
1329,F,26,4,1.444444444,1,3.6,3,,,,,
1330,M,34,4,1.777777778,1,3.8,3.375,,,,,
1331,F,22,3,1.444444444,1.25,4.8,3.625,,,,,
1332,F,41,6,1.111111111,1,4,3.875,,,,,
1333,F,23,3,2.222222222,1.5,2.6,2.75,,,,,
1334,F,29,2,4.111111111,5,1,1.5,,,,,
1335,F,42,2,1.666666667,1.75,3.6,4,,,,,
1336,F,19,2,2,2,3.6,3.125,,,,,
1337,F,23,3,1.444444444,2,4.2,3.625,,,,,
1338,F,32,3,1.111111111,2.5,3.6,3.875,,,,,
1339,F,56,3,1.333333333,1.75,2.8,1,,,,,
1340,F,37,4,1.444444444,1.5,3.8,3.25,,,,,
1341,F,20,2,2,1,4,1.5,,,,,
1342,F,19,2,2.111111111,1.5,2.8,3.25,,,,,
1343,F,28,3,1.555555556,2,4.4,4,,,,,
1344,M,20,2,1.777777778,1,3.8,2.5,,,,,
1345,F,22,2,2.333333333,2.25,4,2.625,,,,,
1346,F,36,2,1.333333333,1.25,2,3.5,,,,,
1347,F,20,2,1.444444444,1.25,3.2,4,,,,,
1348,F,19,2,4.111111111,3.5,2.8,2.75,,,,,
1349,F,20,2,1.444444444,1.25,4.2,3.875,,,,,
1350,F,20,2,1.444444444,1.25,4.2,3.875,,,,,
1351,F,25,3,2.777777778,1.75,4.4,3.375,,,,,
1352,F,19,3,1,1,4.6,4,,,,,
1353,F,22,2,1.888888889,1,3,4,,,,,
1354,F,27,3,1.444444444,2,4.6,4,,,,,
1355,F,23,3,2.222222222,3.5,4.6,3.625,,,,,
1356,M,40,2,1,1,4.2,4,,,,,
1357,F,19,2,2.777777778,1.75,1,4,,,,,
1358,F,20,2,1.333333333,1.5,4.6,3.875,,,,,
1359,M,22,2,2.888888889,3.5,3.8,2.5,,,,,
1360,F,23,3,2.111111111,2,3.4,2.875,,,,,
1361,M,23,3,1,2.5,3,3.875,,,,,
1362,F,28,4,1.222222222,2,5,3.875,,,,,
1363,M,52,5,1.777777778,1,1.4,2.625,,,,,
1364,F,20,5,1.777777778,1,2.4,3,,,,,
1365,F,35,4,2,2,4.6,4,,,,,
1366,M,24,3,1.888888889,2.75,3.6,2,,,,,
1367,F,20,3,2,2.25,3.8,3.25,,,,,
1368,F,19,2,1.111111111,1,3.4,3.125,,,,,
1369,F,19,2,1.444444444,1,4.4,3.75,,,,,
1370,F,19,2,3.111111111,2,2.4,3.375,,,,,
1371,F,23,3,2.111111111,1.75,4,3.875,,,,,
1372,F,37,4,1.888888889,2.5,3.8,3.5,,,,,
1373,F,33,4,1.444444444,2,3.4,2.875,,,,,
1374,M,41,2,1.555555556,1.25,3.6,2.625,,,,,
1375,F,24,3,1.555555556,3.25,4.6,3.625,,,,,
1376,F,29,4,1.888888889,1.5,3.6,3.125,,,,,
1377,M,42,4,2.555555556,1,1.2,2.625,,,,,
1378,F,33,5,1,1,3.8,4,,,,,
1379,F,50,2,4.333333333,1,2.6,1.375,,,,,
1380,F,37,6,1,1,4,3.75,,,,,
1381,F,27,4,1.333333333,1.5,3.6,3.625,,,,,
1382,F,22,3,2.333333333,2,3.8,4,,,,,
1383,F,23,3,3,1.25,3.4,2.125,,,,,
1384,F,59,6,3.666666667,1.5,1.8,2.25,,,,,
1385,F,24,3,1.222222222,1,4.4,3.625,,,,,
1386,M,34,3,1,1.75,2.8,3.625,,,,,
1387,F,20,2,2.444444444,2.75,3.8,2.125,,,,,
1388,M,40,2,1.888888889,3.5,1.6,2.875,,,,,
1389,M,54,4,1,1,3.4,3.125,,,,,
1390,F,43,3,3.111111111,3.5,2.6,3.625,,,,,
1391,F,36,6,3.111111111,4.25,1.6,1.75,,,,,
1392,F,35,3,3.555555556,1.5,2.8,2.75,,,,,
1393,F,35,2,3.666666667,2.5,2.6,1.5,,,,,
1394,M,50,2,1.666666667,3,2.4,2.875,,,,,
1395,M,36,4,3,3.25,3.8,2.875,,,,,
1396,M,51,2,1.555555556,2.5,1.8,3.75,,,,,
1397,F,51,5,1.333333333,2,3.8,3.875,,,,,
1398,M,33,2,4.333333333,2.75,1,2.375,,,,,
1399,F,28,4,1.888888889,1.75,4.6,3.875,,,,,
1400,F,23,3,1.222222222,1,5,2.75,,,,,
1401,F,34,4,2.333333333,1,2.8,3.375,,,,,
1402,F,33,4,2.333333333,3.5,3.2,2.625,,,,,
1403,M,40,2,2.222222222,2.75,1,3.25,,,,,
1404,F,21,2,2,1,4.2,3.75,,,,,
1405,M,31,2,1.666666667,2.5,4,2.75,,,,,
1406,F,52,5,3.333333333,3.5,4.2,3.25,,,,,
1407,M,34,4,1,1,2.8,3.375,,,,,
1408,M,41,2,2.333333333,1.75,3.4,3.75,,,,,
1409,M,30,3,2.666666667,3,2.4,2,,,,,
1410,M,35,4,1.444444444,1,2.4,4,,,,,
1411,F,42,3,1.444444444,2.25,3.4,3.75,,,,,
1412,F,48,4,1.444444444,3.25,4.6,3.875,,,,,
1413,F,30,4,1.111111111,2,4.8,3.875,,,,,
1414,F,45,6,1.666666667,1.75,3.8,3.75,,,,,
1415,F,25,3,1.444444444,1.5,3.2,3.625,,,,,
1416,M,33,6,1.444444444,2,4.6,3.125,,,,,
1417,M,33,2,1,1,4.8,3.75,,,,,
1418,F,28,2,3.444444444,4,2.8,3.375,,,,,
1419,M,38,2,3.666666667,3,1.8,1.75,,,,,
1420,F,24,4,2.555555556,3.25,3.6,3,,,,,
1421,F,49,3,3.777777778,3.5,1,2.25,,,,,
1422,F,41,6,1.333333333,1,3.2,4,,,,,
1423,F,29,6,1,1,3.8,3.5,,,,,
1424,F,38,6,1,3.25,2,4,,,,,
1425,F,30,4,1.888888889,1,3.4,3.75,,,,,
1426,M,40,5,2.222222222,2,2.8,3.5,,,,,
1427,F,33,4,1.333333333,1.5,2.8,4,,,,,
1428,M,31,4,1.666666667,3,3.4,2.875,,,,,
1429,F,40,4,2.777777778,1.75,2.8,3.25,,,,,
1430,F,57,6,1.444444444,2,4.8,3.875,,,,,
1431,F,25,3,1.555555556,2.5,4.6,3.125,,,,,
1432,F,23,3,2,2,4.6,3.75,,,,,
1433,M,27,2,1.444444444,3.25,4,2.375,,,,,
1434,F,39,4,1,1,2,2.75,,,,,
1435,M,56,6,1.333333333,1,4.6,3.5,,,,,
1436,M,41,4,2,1.75,5,4,,,,,
1437,M,38,4,2.111111111,3.75,1,3.5,,,,,
1438,F,21,2,3.111111111,2.5,4.4,2.5,,,,,
1439,F,28,3,1.444444444,1,3.8,3.875,,,,,
1440,M,55,4,3.666666667,3,1.2,1.625,,,,,
1441,M,43,2,1.222222222,2.5,4,3.375,,,,,
1442,F,26,4,2.111111111,2.75,3.4,2.375,,,,,
1443,M,40,4,1,1,3.8,4,,,,,
1444,F,19,2,2.333333333,3.25,3.8,3.625,,,,,
1445,F,22,2,2.888888889,3.75,3.4,2.875,,,,,
1446,F,26,3,1.555555556,2.75,3.8,3.375,,,,,
1447,M,22,2,2.888888889,3.5,3.8,2.5,,,,,
1448,M,44,3,3.555555556,2.75,2.4,2.75,,,,,
1449,F,51,5,1.444444444,2.5,3.6,3,,,,,
1450,F,43,3,3.333333333,3,3.8,3.125,,,,,
1451,F,22,3,1.888888889,3,4,3.125,,,,,
1452,F,39,4,1.555555556,1,3,2.875,,,,,
1453,F,22,3,1,1,4.6,3.75,,,,,
1454,M,38,2,1,2,2,4,,,,,
1455,M,41,5,2.111111111,3.5,1.8,3.25,,,,,
1456,M,40,2,4.777777778,3.5,1,1.875,,,,,
1457,M,34,4,1.333333333,1.5,4.2,3.375,,,,,
1458,M,34,4,1.888888889,3,3.6,3.125,,,,,
1459,F,31,4,1,1,3.2,4,,,,,
1460,M,33,2,1.222222222,1,3.6,3.625,,,,,
1461,F,23,2,4.222222222,3.75,2,1.625,,,,,
1462,F,44,2,4,3.5,2.4,2.25,,,,,
1463,M,24,4,1.777777778,2.25,4,4,,,,,
1464,F,20,2,1.666666667,3,4.2,3.625,,,,,
1465,M,35,4,2.222222222,2,2.8,3.25,,,,,
1466,M,27,2,4.555555556,3.75,2.8,1.375,,,,,
1467,NA,34,4,1.666666667,2,3.4,3.625,,,,,
1468,F,31,4,2.777777778,1,2.8,2.5,,,,,
1469,F,32,4,1,1,3.8,4,,,,,
1470,M,34,4,1,1,3.4,3.375,,,,,
1471,M,33,2,4.888888889,1,1,1.875,,,,,
1472,F,32,4,1.888888889,2,5,3.5,,,,,
1473,M,40,4,1.444444444,1,3.2,3,,,,,
1474,F,44,4,1.555555556,3.75,3.8,4,,,,,
1475,F,46,4,2.666666667,1.5,3.6,3,,,,,
1476,F,29,5,3.777777778,2,2.6,2.875,,,,,
1477,F,51,4,1.111111111,1.5,4,3.375,,,,,
1478,M,47,4,1.222222222,1.5,4.6,3.25,,,,,
1479,M,40,5,1.666666667,1,3,3,,,,,
1480,M,33,2,1.777777778,2,3.6,3.375,,,,,
1481,F,38,6,4.222222222,5,3,3.875,,,,,
1482,M,32,6,3.111111111,2.25,1.4,3.625,,,,,
1483,F,42,3,2.111111111,1.25,2.8,4,,,,,
1484,M,33,4,2.444444444,1,3.2,3.125,,,,,
1485,M,34,4,1.111111111,1,3,3.75,,,,,
1486,M,26,4,1.444444444,1.5,3,2.75,,,,,
1487,F,51,2,1,3.75,4,3.875,,,,,
1488,F,22,2,2.888888889,2,4.8,3.875,,,,,
1489,F,24,3,2,4,5,3.75,,,,,
1490,F,38,4,1.777777778,3,3.2,3.125,,,,,
1491,M,47,2,3.555555556,3,2.8,3.375,,,,,
1492,F,21,2,1.222222222,1.75,4.6,3.25,,,,,
1493,F,23,3,1.555555556,1,3.4,1.75,,,,,
1494,F,21,2,1.333333333,1.75,3.8,3.125,,,,,
1495,M,32,2,1,1,4.8,3.5,,,,,
1496,F,25,4,1.222222222,1,4.6,3.75,,,,,
1497,M,38,6,1,1,3.2,3.875,,,,,
1498,F,26,4,1.555555556,2,4.6,3.75,,,,,
1499,M,40,2,2.777777778,2.75,1.6,3,,,,,
1500,F,35,4,1.111111111,1.5,3.2,4,,,,,
1501,M,26,3,1.555555556,2,3.2,3,,,,,
1502,F,47,5,2,2.25,4.6,3.75,,,,,
1503,F,25,2,1.666666667,2,4.6,3.125,,,,,
1504,M,30,2,1,1,3.4,4,,,,,
1505,F,27,4,1,1,3.4,4,,,,,
1506,M,19,2,1.666666667,3,3.2,3.375,,,,,
1507,F,27,4,2.111111111,3,3.2,2.5,,,,,
1508,M,35,3,1,1,4,4,,,,,
1509,F,19,2,1.444444444,2,4,3.375,,,,,
1510,F,27,4,2.555555556,1,3.2,4,,,,,
1511,F,37,4,2,4,3.6,2.875,,,,,
1512,M,20,2,1.777777778,4.25,2.2,3,,,,,
1513,F,62,2,2.555555556,1,4.6,3.125,,,,,
1514,F,30,2,1.111111111,2,2.6,3.875,,,,,
1515,M,32,5,1.666666667,1.25,2,2.5,,,,,
1516,M,58,4,2,1,2.6,3.5,,,,,
1517,M,46,3,2,3.25,2.8,3.75,,,,,
1518,F,23,3,3.666666667,3.75,2.4,3.125,,,,,
1519,F,41,4,3,3,3,2.375,,,,,
1520,F,32,4,1.333333333,1.25,3.8,2.5,,,,,
1521,M,36,4,2.111111111,1.75,3.6,3.375,,,,,
1522,F,21,2,2.666666667,2.75,3.6,3.625,,,,,
1523,F,31,4,1,1,3.6,3.75,,,,,
1524,F,39,4,2.777777778,1,2.2,3.25,,,,,
1525,F,25,3,4.222222222,3.75,1,2.125,,,,,
1526,F,28,4,4.777777778,3.5,1.4,1.875,,,,,
1527,F,25,3,1.333333333,1.75,3.8,2.75,,,,,
1528,M,41,4,1.888888889,3.5,3.6,3.875,,,,,
1529,M,38,5,1.111111111,1.5,3.6,4,,,,,
1530,F,38,4,1.666666667,3,4,4,,,,,
1531,F,29,3,4.666666667,4.5,1,2.375,,,,,
1532,F,38,4,3.222222222,1.75,4,3.375,,,,,
1533,F,43,4,1,1,3.4,3.25,,,,,
1534,M,39,2,3.444444444,1,3.8,3.75,,,,,
1535,M,38,3,1.444444444,1,2.4,3.5,,,,,
1536,F,40,4,1,1.5,3.2,3.75,,,,,
1537,M,48,5,1.555555556,2.75,1.6,3.375,,,,,
1538,M,45,2,1.555555556,2,2.8,3.625,,,,,
1539,F,36,3,2,1.5,3,3,,,,,
1540,F,35,4,2.333333333,1,2.2,3.75,,,,,
1541,M,40,2,2.666666667,3.25,2.4,3,,,,,
1542,F,31,4,2.222222222,2.5,2.8,1.875,,,,,
1543,F,38,4,2.111111111,2.75,3.2,2.75,,,,,
1544,F,69,3,1.777777778,3.25,3.6,3.625,,,,,
1545,M,32,4,1,1,4.4,3.75,,,,,
1546,M,33,5,2.111111111,1,1.4,1.5,,,,,
1547,NA,28,2,4,4.25,1,2,,,,,
1548,M,22,3,1,1,4.2,4,,,,,
1549,F,59,4,1.888888889,1.25,4.6,3.125,,,,,
1550,M,38,3,2.444444444,2.25,4.4,2.375,,,,,
1551,F,44,4,3.888888889,1,3.8,3.625,,,,,
1552,M,55,3,1.555555556,1,2.6,2.25,,,,,
1553,M,55,6,2.222222222,2.25,2.2,3,,,,,
1554,M,38,3,2.666666667,3,3.6,3,,,,,
1555,F,45,4,2.888888889,4,3,3.875,,,,,
1556,M,36,2,1.666666667,1.25,2.4,3.375,,,,,
1557,M,33,2,3,3.75,3,3.375,,,,,
1558,F,40,4,1.888888889,3.75,3.6,3.75,,,,,
1559,M,46,2,1.222222222,1,2,3.625,,,,,
1560,F,40,2,3.666666667,3.25,3.2,3.5,,,,,
1561,M,25,3,2.333333333,4,2.8,1.5,,,,,
1562,F,22,3,1.222222222,1,4.2,3.25,,,,,
1563,M,34,2,3.333333333,3,2.8,3.625,,,,,
1564,M,60,2,2.444444444,3.5,3.8,2.75,,,,,
1565,F,45,4,1.333333333,2,4,3.125,,,,,
1566,F,38,4,3.888888889,5,1.2,1.625,,,,,
1567,F,41,5,2.555555556,4.25,2.8,2.625,,,,,
1568,F,63,3,3.444444444,3,4.2,4,,,,,
1569,F,23,2,1.444444444,1,4.6,3.625,,,,,
1570,F,43,4,1.444444444,1,3,3.75,,,,,
1571,F,31,5,1.555555556,3.25,4,3.25,,,,,
1572,NA,40,4,3.333333333,3,2.6,3,,,,,
1573,NA,40,4,3.333333333,3,2.6,3,,,,,
1574,M,29,4,3.666666667,3.25,2.4,3,,,,,
1575,F,26,2,4.333333333,4,4.4,3.875,,,,,
1576,F,42,4,4,3.5,2.2,2.375,,,,,
1577,F,43,3,1.444444444,2.75,3.6,4,,,,,
1578,M,42,4,2.777777778,2.5,3.2,2.375,,,,,
1579,M,40,2,2.111111111,2.25,3.2,3.375,,,,,
1580,M,42,4,2.777777778,2.5,3.2,2.375,,,,,
1581,F,44,4,1.666666667,1,2.6,2.625,,,,,
1582,M,31,2,1.666666667,1.25,4,3.625,,,,,
1583,M,31,2,1.666666667,1.25,4,3.625,,,,,
1584,F,32,6,1.222222222,1,2.4,2.5,,,,,
1585,F,23,2,3,1,3.2,2.875,,,,,
1586,F,45,4,1.666666667,3,3.8,3.875,,,,,
1587,M,39,4,1.222222222,3.25,2.8,3.875,,,,,
1588,M,45,4,3.444444444,3.75,1.2,3.625,,,,,
1589,M,41,4,3.555555556,3.75,1,2.25,,,,,
1590,M,48,4,1.666666667,3,4,3.5,,,,,
1591,M,45,4,3.777777778,3.75,1,3,,,,,
1592,F,45,3,1.333333333,1,2.2,2.625,,,,,
1593,M,42,4,1.111111111,3,3.4,3.75,,,,,
1594,M,31,4,1.777777778,1.75,2.8,3,,,,,
1595,F,33,4,1.777777778,1,4,3.875,,,,,
1596,F,65,2,1.555555556,3,3.6,3.875,,,,,
1597,M,38,4,1.111111111,1,3.2,3.625,,,,,
1598,F,39,3,2,1.25,3.6,3.625,,,,,
1599,M,48,2,3.666666667,1,1,3.375,,,,,
1600,F,43,4,4.333333333,4.25,2.2,2.75,,,,,
1601,F,53,5,3,4.25,4.4,3.875,,,,,
1602,F,42,4,1.333333333,3.75,1.2,3.75,,,,,
1603,M,38,5,3.444444444,3,1,3.25,,,,,
1604,F,26,4,1.444444444,1,2.2,2.625,,,,,
1605,F,40,5,1.222222222,1.5,3.4,3.5,,,,,
1606,F,23,3,1.222222222,1.25,3,3.25,,,,,
1607,F,39,5,1.666666667,1,4.8,4,,,,,
1608,F,45,2,1.333333333,2.5,4.8,2.375,,,,,
1609,F,46,4,1.111111111,1.25,3.6,3.75,,,,,
1610,M,40,4,1,1,4.2,4,,,,,
1611,F,45,4,1.666666667,3.25,3.8,3.375,,,,,
1612,F,41,2,1.777777778,1.5,3.4,3.5,,,,,
1613,M,38,4,1.333333333,1,3.6,3.25,,,,,
1614,F,66,3,4.222222222,3.5,1.2,2.875,,,,,
1615,M,33,2,1.222222222,1.75,2.8,3.75,,,,,
1616,F,27,2,1.222222222,1.25,4.4,3.75,,,,,
1617,F,40,6,1.777777778,1.5,2,3.875,,,,,
1618,M,44,2,1.555555556,1.75,1.8,3.875,,,,,
1619,M,35,4,1.222222222,1,3.2,2.625,,,,,
1620,M,35,2,1.666666667,3,2.2,1.875,,,,,
1621,M,37,3,1,1,3.4,2.625,,,,,
1622,F,30,4,1,1,2.4,3.75,,,,,
1623,F,36,4,1.555555556,1,3.6,2.375,,,,,
1624,F,52,6,1.666666667,1,3.8,3.125,,,,,
1625,M,38,4,1.777777778,3,1.6,1.375,,,,,
1626,F,44,5,1.555555556,1,4.2,4,,,,,
1627,F,39,4,1,1,2,3.75,,,,,
1628,M,46,4,2.444444444,2.5,1.4,3.625,,,,,
1629,F,35,2,4.666666667,4.5,1,1.875,,,,,
1630,F,59,4,1,1,3,4,,,,,
1631,F,32,4,1,1,1.8,3.5,,,,,
1632,M,55,2,2.111111111,2,4,3.25,,,,,
1633,M,57,2,1.444444444,1,2.8,3.75,,,,,
1634,M,44,5,1.333333333,1,3.8,4,,,,,
1635,F,60,4,1.111111111,1.25,4.2,4,,,,,
1636,F,53,4,2,1.25,1,1.375,,,,,
1637,F,57,3,1,1,4.8,3.75,,,,,
1638,F,48,3,1.222222222,1,4,3.875,,,,,
1639,F,60,3,2.777777778,1.75,1.8,3,,,,,
1640,M,31,2,1.444444444,2.5,3.2,2.625,,,,,
1641,F,44,4,1.333333333,1.5,3.4,3.75,,,,,
1642,F,30,4,1.444444444,1,3.8,4,,,,,
1643,F,46,4,1.444444444,1,3.2,3.875,,,,,
1644,M,29,4,1.777777778,3.25,2.4,4,,,,,
1645,M,36,4,3,3.75,4.6,3.5,,,,,
1646,M,29,4,1.777777778,3.25,2.4,4,,,,,
1647,M,45,4,1.333333333,1,3.4,4,,,,,
1648,F,53,2,1.222222222,1,3.6,3.25,,,,,
1649,M,57,2,1.666666667,1,3.8,3.875,,,,,
1650,M,38,2,3,3.5,2.6,3.875,,,,,
1651,F,49,2,1.111111111,1,3.8,3.75,,,,,
1652,F,60,2,3.333333333,1.5,2,3.75,,,,,
1653,M,35,3,4.777777778,4.25,1,1,,,,,
1654,M,26,2,1.666666667,3,3,3.875,,,,,
1655,F,47,4,1.333333333,1,3,3,,,,,
1656,F,48,2,1.222222222,1.5,2.8,3.125,,,,,
1657,F,28,4,1.222222222,1.5,3,3.375,,,,,
1658,M,26,4,4.222222222,1.25,1.8,2,,,,,
1659,F,33,4,1.333333333,2.25,3.8,3.5,,,,,
1660,M,26,4,2.222222222,1,1.2,2.25,,,,,
1661,M,48,2,1,1,3.6,3.875,,,,,
1662,M,40,6,1.222222222,1,1.2,3.375,,,,,
1663,M,50,4,2.888888889,2.75,1.6,3.375,,,,,
1664,M,39,2,2,1.5,1.4,2.625,,,,,
1665,F,27,4,1.444444444,1.5,4.2,3.125,,,,,
1666,F,39,2,2.777777778,1,1,3.625,,,,,
1667,F,40,4,2.222222222,2.25,4,4,,,,,
1668,M,68,2,2,3.5,1.8,3.875,,,,,
1669,M,51,3,3.777777778,1.75,1,1.75,,,,,
1670,M,59,3,3.444444444,2.5,1.2,1.625,,,,,
1671,M,43,6,1,1,2.6,4,,,,,
1672,F,42,3,1.666666667,1.25,3.2,2.875,,,,,
1673,F,50,4,1.111111111,1,3.6,3.625,,,,,
1674,M,34,2,1.111111111,1,3.8,3.375,,,,,
1675,F,24,4,1,1,1.8,4,,,,,
1676,M,62,4,1.333333333,1,4.6,3.875,,,,,
1677,F,20,2,1.888888889,1,3,2.75,,,,,
1678,F,40,3,1.333333333,1,3.8,3.625,,,,,
1679,M,49,4,1.444444444,2.25,3.4,3.875,,,,,
1680,F,56,3,1.555555556,1.25,1,4,,,,,
1681,M,45,2,1.444444444,1.75,3.4,3.75,,,,,
1682,F,40,4,1.333333333,1,2.4,2.875,,,,,
1683,F,49,6,1.888888889,3.75,4.8,4,,,,,
1684,F,33,4,1,1,2.6,4,,,,,
1685,M,61,4,2,3,3.4,3.375,,,,,
1686,M,39,2,2.111111111,1.5,1.2,1.625,,,,,
1687,F,50,6,1.222222222,1,3,2.875,,,,,
1688,F,50,2,1.111111111,3.25,5,3.875,,,,,
1689,M,35,3,1.333333333,1.5,3.6,3.125,,,,,
1690,M,32,2,2.777777778,3,3.2,2,,,,,
1691,M,33,4,1.777777778,2,3.4,2.625,,,,,
1692,F,66,4,1,1,3.4,3.25,,,,,
1693,M,57,6,2.333333333,1.75,2.8,3.75,,,,,
1694,NA,40,5,1.222222222,1,2.8,2.125,,,,,
1695,M,60,4,1.555555556,1,2.4,3.375,,,,,
1696,M,63,2,3.111111111,2.75,2.8,1.625,,,,,
1697,M,52,4,1.777777778,3,3.4,3.875,,,,,
1698,F,29,5,1.333333333,2,4.6,4,,,,,
1699,F,67,4,3,3,3.4,3.5,,,,,
1700,M,52,5,1.111111111,1.75,4.4,3.75,,,,,
1701,M,53,5,1.333333333,2.5,4.6,3.5,,,,,
1702,F,26,3,1.222222222,1,3.8,3.875,,,,,
1703,F,47,4,1.333333333,2.5,3.4,3.5,,,,,
1704,M,27,5,1.777777778,2,2.2,3.625,,,,,
1705,F,35,4,2.555555556,2.5,1.8,3.75,,,,,
1706,M,26,2,1.777777778,1.75,3,3.125,,,,,
1707,M,52,4,1.111111111,1.5,3.6,2.25,,,,,
1708,M,30,6,1.111111111,1,3.2,2.375,,,,,
1709,F,63,5,1.222222222,3,3.6,3.375,,,,,
1710,M,40,2,3.444444444,3.25,2.6,3.25,,,,,
1711,M,40,2,1,1,3.2,3.5,,,,,
1712,M,60,4,1.444444444,1,3.8,4,,,,,
1713,F,52,2,1.444444444,1,4.2,3.875,,,,,
1714,F,34,6,1.555555556,1,2.8,3.625,,,,,
1715,F,60,2,1.222222222,1.25,4,3.5,,,,,
1716,F,25,3,1.333333333,1.25,3.2,3.625,,,,,
1717,F,30,4,1.444444444,1.25,3.8,3.375,,,,,
1718,M,62,4,1.444444444,1,2.2,3.5,,,,,
1719,F,35,4,1,1,4.6,3.125,,,,,
1720,M,72,2,3.333333333,2,2.2,2.375,,,,,
1721,F,41,4,1.222222222,3,3.4,3.125,,,,,
1722,F,32,2,1,1.25,1.8,4,,,,,
1723,F,69,2,1.666666667,2.5,4,4,,,,,
1724,M,40,2,1.888888889,1.75,4,2.875,,,,,
1725,M,32,5,1.222222222,1,4,4,,,,,
1726,M,30,2,3,2.5,2.6,2.125,,,,,
1727,M,60,3,2.666666667,1.25,3.4,3.25,,,,,
1728,M,48,2,1.888888889,2,3.4,3.25,,,,,
1729,M,40,4,1.444444444,1,2.8,3.625,,,,,
1730,F,41,3,1.444444444,2.75,3.8,3.875,,,,,
1731,F,28,4,1.444444444,1,5,3.875,,,,,
1732,F,32,4,1.222222222,1.25,3.8,4,,,,,
1733,F,42,4,1,1,4,3.5,,,,,
1734,M,61,4,1.444444444,3,1.2,3.875,,,,,
1735,F,40,3,3.888888889,4.25,1.2,3.625,,,,,
1736,F,45,2,1.111111111,1,3.4,4,,,,,
1737,M,68,4,1.111111111,2.25,3.4,4,,,,,
1738,M,51,2,3.111111111,1.75,3.8,4,,,,,
1739,M,30,5,1.888888889,1,3.4,3.5,,,,,
1740,F,27,4,1.666666667,1.75,3.8,3.75,,,,,
1741,M,30,4,1,1,2.8,3.125,,,,,
1742,F,29,2,2.888888889,3,3,2.25,,,,,
1743,F,39,2,1,1,3.4,3.875,,,,,
1744,M,38,4,3.444444444,3,2.8,3,,,,,
1745,M,48,2,4.222222222,3.5,2.4,2.375,,,,,
1746,M,42,4,1.777777778,1,4.4,3.625,,,,,
1747,M,48,2,1.333333333,3.25,3.2,3.75,,,,,
1748,M,23,3,3.444444444,3.25,1.2,1.625,,,,,
1749,M,32,4,2.888888889,1.75,1,2.375,,,,,
1750,F,29,3,1.444444444,1.5,3.8,3.375,,,,,
1751,M,46,4,3.555555556,2.75,1.8,3.25,,,,,
1752,M,54,2,1.111111111,1,2.8,2.75,,,,,
1753,M,23,3,2.111111111,3,3.4,3,,,,,
1754,M,52,2,3.111111111,1.75,1.4,1.375,,,,,
1755,F,47,2,3.444444444,3.25,2.2,2.75,,,,,
1756,M,54,2,1,1.5,4.2,3.5,,,,,
1757,NA,44,5,4.333333333,4,1.8,1.125,,,,,
1758,M,60,6,2.333333333,4,2.2,2.25,,,,,
1759,M,51,6,3.222222222,1,1,2.5,,,,,
1760,M,50,6,3.111111111,3.75,1,1,,,,,
1761,M,28,5,3.888888889,3.25,2.2,2.5,,,,,
1762,M,36,3,1.777777778,1,3.6,3.875,,,,,
1763,F,42,4,1.111111111,1,3.8,3.375,,,,,
1764,F,38,2,1.777777778,1.5,4,2.875,,,,,
1765,M,21,2,1.555555556,1.5,4.2,3.25,,,,,
1766,M,50,3,2.666666667,3,3.4,2.375,,,,,
1767,M,70,4,1.222222222,1.5,2,3.5,,,,,
1768,F,34,4,3.777777778,2,2,4,,,,,
1769,M,39,3,1.111111111,2.75,3.8,3.125,,,,,
1770,M,51,5,1.444444444,1,3,3.75,,,,,
1771,F,36,6,1.666666667,1,5,4,,,,,
1772,F,65,2,2.444444444,2.75,2.4,4,,,,,
1773,F,43,4,2.333333333,3.5,3.6,4,,,,,
1774,M,45,2,2.111111111,1.5,1.2,3.625,,,,,
1775,F,40,4,2.111111111,2.75,2.4,3,,,,,
1776,F,37,3,2.333333333,2.25,3.4,2.5,,,,,
1777,F,29,5,1,2,5,3.75,,,,,
1778,F,29,5,1,2,5,3.75,,,,,
1779,F,30,3,3.222222222,1,1.8,2.5,,,,,
1780,F,53,2,1.111111111,1.5,4.6,4,,,,,
1781,F,42,4,1.222222222,2,4,4,,,,,
1782,F,47,4,1.222222222,1,4.8,3.75,,,,,
1783,M,45,4,1.444444444,1.25,3.4,3.75,,,,,
1784,M,44,2,3.333333333,1,1.8,2,,,,,
1785,M,41,4,2.777777778,3.25,1,2.125,,,,,
1786,M,36,2,1.444444444,3,3.4,3.5,,,,,
1787,M,43,2,1.222222222,1.25,3.8,3.375,,,,,
1788,F,50,4,1.111111111,1.5,4,4,,,,,
1789,F,30,4,2,3.5,3.2,4,,,,,
1790,F,67,6,1.888888889,1,3.6,4,,,,,
1791,F,40,4,1.555555556,1,2.4,3.625,,,,,
1792,F,40,4,1.111111111,1,2.6,3.75,,,,,
1793,M,67,2,1.666666667,1,4,3.625,,,,,
1794,F,46,3,1.333333333,2.5,4.4,3.375,,,,,
1795,F,67,4,1.222222222,1,3.4,3.625,,,,,
1796,F,26,2,1,2.5,3.2,3.875,,,,,
1797,F,45,2,4.111111111,3,4.2,3.75,,,,,
1798,M,42,4,1.222222222,2.75,3.8,3.25,,,,,
1799,M,49,5,1.888888889,3,3.4,2.875,,,,,
1800,F,46,3,1.555555556,3.25,3.2,3.375,,,,,
1801,F,37,4,1,1,3.8,4,,,,,
1802,NA,34,6,3.777777778,1.5,1.2,2,,,,,
1803,F,32,4,2,2.25,3.8,3.875,,,,,
1804,M,67,5,1.222222222,2,3.2,3.875,,,,,
1805,M,68,3,3.222222222,3,1,3.125,,,,,
1806,F,29,4,1.222222222,1,4.2,4,,,,,
1807,M,27,4,2,2.75,4.4,4,,,,,
1808,M,44,1,1.888888889,2.25,1.2,2.125,,,,,
1809,M,31,4,1,3.5,4.4,3.5,,,,,
1810,F,20,2,1.444444444,2,4.4,4,,,,,
1811,M,32,2,1,1,3.6,2.875,,,,,
1812,M,40,2,3.555555556,2.5,3.4,1.875,,,,,
1813,F,19,2,4.777777778,2,1,1.75,,,,,
1814,F,52,5,1.888888889,3.25,2.6,3.5,,,,,
1815,M,24,2,3.666666667,3.75,2.8,2.125,,,,,
1816,F,29,2,2.222222222,3,2.8,2.625,,,,,
1817,F,46,5,1.666666667,1,3,3.625,,,,,
1818,M,47,2,1,1,3.8,3.875,,,,,
1819,M,53,4,1.222222222,1,3,2,,,,,
1820,M,34,2,2.222222222,2,3.4,3.75,,,,,
1821,F,62,2,1,1,3.4,3.625,,,,,
1822,M,26,2,2,1.5,3.2,2.625,,,,,
1823,M,37,2,1.111111111,1.25,3.8,3.375,,,,,
1824,M,50,6,1.333333333,1,4.2,3.125,,,,,
1825,M,47,4,2.777777778,2.5,2,2.125,,,,,
1826,M,31,2,2.444444444,3,3,1.75,,,,,
1827,F,52,6,1.666666667,1,3.8,3.125,,,,,
1828,M,23,3,2.666666667,3.75,3.2,2.5,,,,,
1829,F,55,4,1.111111111,2,5,4,,,,,
1830,M,38,3,4.555555556,4.5,1.8,1.25,,,,,
1831,M,44,4,3,2.75,1.6,2,,,,,
1832,M,31,4,1,1,3,2.75,,,,,
1833,F,33,2,1.222222222,3,3.4,3.625,,,,,
1834,M,39,4,1.222222222,1,4,4,,,,,
1835,F,38,4,1.777777778,1,3.2,3.125,,,,,
1836,M,23,2,4,3.75,1.8,2.125,,,,,
1837,F,40,3,1.333333333,1.75,3.6,3.75,,,,,
1838,M,32,4,1.444444444,2.5,3.2,3.5,,,,,
1839,M,32,4,1.444444444,2.5,3.2,3.5,,,,,
1840,F,33,2,1,1,2.4,2.875,,,,,
1841,M,51,2,1.555555556,2,3,3,,,,,
1842,M,48,2,1.333333333,1.5,4.6,3.875,,,,,
1843,M,17,2,1.111111111,1.5,4.8,3.25,,,,,
1844,F,35,2,1.777777778,3.5,4,3,,,,,
1845,F,35,2,1.777777778,3.5,4,3,,,,,
1846,F,62,3,1.666666667,2.75,2.6,2.875,,,,,
1847,F,70,3,1,1,4.4,3.625,,,,,
1848,M,46,4,1,1,2.2,3.75,,,,,
1849,M,49,4,3.222222222,1,2,3,,,,,
1850,NA,55,3,2.444444444,4,3.6,3.125,,,,,
1851,F,36,3,3.888888889,3.5,3.2,3.625,,,,,
1852,F,24,2,1.111111111,3.25,4.6,4,,,,,
1853,M,34,4,1.222222222,1,3.8,3.875,,,,,
1854,F,38,4,1,2,3.6,3.5,,,,,
1855,F,42,4,1.111111111,1,4,3.625,,,,,
1856,M,50,4,1.333333333,1,3.8,3.875,,,,,
1857,F,44,4,1.333333333,1,4.6,3.875,,,,,
1858,M,29,5,3.666666667,1,2.2,2.5,,,,,
1859,M,55,4,1.555555556,1.75,2,3.75,,,,,
1860,M,41,4,4.222222222,3.5,1,1.5,,,,,
1861,F,37,2,1.222222222,1.5,4.6,3.25,,,,,
1862,M,30,3,2.666666667,1.5,3.8,3.875,,,,,
1863,F,44,4,1,1,3,4,,,,,
1864,M,30,4,1.222222222,1.25,3.2,3.625,,,,,
1865,M,34,3,1.777777778,1,1.4,3.75,,,,,
1866,M,38,5,1.111111111,1,3.6,3.375,,,,,
1867,M,57,4,1.333333333,2.25,3.6,4,,,,,
1868,M,39,5,1.333333333,1,4.4,3.5,,,,,
1869,F,37,4,1.111111111,1.75,3.4,4,,,,,
1870,M,28,4,1.444444444,3,3.6,2.875,,,,,
1871,M,24,2,4.111111111,5,1.6,1.5,,,,,
1872,M,30,6,1,1,4.2,3.5,,,,,
1873,M,53,4,3.444444444,2.75,3.8,2.625,,,,,
1874,F,39,4,1.333333333,1,2.6,4,,,,,
1875,M,45,2,5,3.75,1.8,1.25,,,,,
1876,M,47,4,1.777777778,1,4,3.5,,,,,
1877,F,46,5,1.111111111,1,3.2,3.75,,,,,
1878,F,50,2,1.222222222,1,4,4,,,,,
1879,M,52,2,1.333333333,2.5,3.4,2.75,,,,,
1880,M,36,3,1.777777778,1,3.6,3.875,,,,,
1881,M,56,6,1,1,2.2,3.875,,,,,
1882,F,47,4,3.777777778,3.25,2.2,2.375,,,,,
